features,target,cv,R2,R2_fold_mean,R2_fold_std,RMSE,MAE,RPIQ
A_satellite,N,spatial,0.02223648663823463,0.026056574926732145,0.03638390370849214,155.93234775800175,88.87915679138504,0.6507309192668332
A_satellite,P,spatial,-0.033388156747402586,-0.03702494232353084,0.021442871992878924,26.16927572907942,12.874240163420524,0.47402916796109523
A_satellite,K,spatial,-0.03025093989255878,-0.0321517944788158,0.02545524682320025,260.64140681489846,173.03954036084983,1.0514868046067287
A_satellite,OC,spatial,0.08524978715193476,0.08418119412054839,0.03185696938951614,0.41485239827521664,0.2586311606086447,0.7063054262629886
B_sensor_pH_EC,N,spatial,0.1672829016462466,0.16148173933473586,0.06544177902604009,143.90240274704507,85.84158796454858,0.7051306862357697
B_sensor_pH_EC,P,spatial,0.011677305055232345,0.005770006691550011,0.03428618270525036,25.59230172136118,12.706159526953611,0.48471607341382245
B_sensor_pH_EC,K,spatial,-0.0028483237826466556,-0.0050694047759523245,0.021684576802009824,257.1517758557283,170.76961223031287,1.0657558132274318
B_sensor_pH_EC,OC,spatial,0.18041556916337342,0.17392248872266625,0.045833208750033085,0.39268037348207413,0.24136482291783495,0.7461857525542361
C_fusion,N,spatial,0.1533197312011706,0.15361120677369122,0.04897044523974579,145.10387947955053,84.32465327734984,0.6992921234356119
C_fusion,P,spatial,0.014239144988037244,0.011733127704397694,0.02343103707775983,25.55911118406707,12.40740428514793,0.4853455157600698
C_fusion,K,spatial,0.015955299181935723,0.015078494432092793,0.03056366009848841,254.7295420680988,166.49343367165628,1.075890129487742
C_fusion,OC,spatial,0.22264932911622526,0.22019544432410862,0.02726066360094188,0.38242901451826283,0.233907841635858,0.7661879430594492
D_fusion_plus_GPS,N,spatial,0.5764362303187642,0.5512998558458584,0.10829756699274945,102.63103455282713,59.999412471548446,0.9886872956324969
D_fusion_plus_GPS,P,spatial,0.3013473918898728,0.2943708013650751,0.07977904328892418,21.517440238189124,9.855286567782704,0.576509095072732
D_fusion_plus_GPS,K,spatial,0.24738693315819094,0.2464396744652976,0.04849549671584797,222.7705507289292,138.0927554715881,1.230238912204701
D_fusion_plus_GPS,OC,spatial,0.519404253833765,0.5140520607707739,0.02924096989674003,0.30069922358154705,0.1798600467930632,0.9744371685101393
C_fusion,N,random,0.25019269705216096,0.2500491435690583,0.00890629906263946,136.5507649416108,79.23726022153238,0.743093603638095
C_fusion,P,random,0.05887907460868569,0.05895943839970323,0.008478622689003564,24.973687789918184,11.94543924928595,0.4967227949813591
C_fusion,K,random,0.0648503628071968,0.06500842294561751,0.007835366367454723,248.32043263802598,160.89351432184847,1.1036586763663376
C_fusion,OC,random,0.29481134143512777,0.2949114159234501,0.020781971435606277,0.36424617929243536,0.22176553310814306,0.8044353425180465
