data,features,target,train_R2_7030,test_R2_7030,spatial_cv_R2
final_declustered_17273,C_single_fusion,N,0.6935267616118345,0.24720730890141118,0.16878380355869826
final_declustered_17273,C_single_fusion,P,0.4682887101758203,0.058328509391475714,0.01678238541351318
final_declustered_17273,C_single_fusion,K,0.6184896646127441,0.0686435318984121,0.019942478478084724
final_declustered_17273,C_single_fusion,OC,0.7460489644872877,0.28437659514702474,0.2301346089195616
final_declustered_17273,CCT_comp_fusion_terrain,N,0.8192963877753313,0.526543330190371,0.4090585250203772
final_declustered_17273,CCT_comp_fusion_terrain,P,0.5684735228324854,0.18489526433959003,0.10779698211241173
final_declustered_17273,CCT_comp_fusion_terrain,K,0.702902421218592,0.2116251835819417,0.11552246771463581
final_declustered_17273,CCT_comp_fusion_terrain,OC,0.8187659660022806,0.44299953330176167,0.36954513292726676
final_declustered_17273,CCTG_plus_GPS,N,0.8986879655826865,0.7405068845915721,0.6059221116373437
final_declustered_17273,CCTG_plus_GPS,P,0.7482649515929207,0.44718795273413936,0.3343528169604991
final_declustered_17273,CCTG_plus_GPS,K,0.7840509212957718,0.4082122369986323,0.2668910819209679
final_declustered_17273,CCTG_plus_GPS,OC,0.8874292714099263,0.6398711391030465,0.5251761968017725
raw_not_declustered_33842,C_single_fusion,N,0.7325311430865891,0.3520051379346807,
raw_not_declustered_33842,C_single_fusion,P,0.5242130797432979,0.14527737812966046,
raw_not_declustered_33842,C_single_fusion,K,0.6561673704855926,0.1934888438789708,
raw_not_declustered_33842,C_single_fusion,OC,0.7630564505007513,0.3808341388859614,
raw_not_declustered_33842,C_plus_GPS,N,0.9057126522785883,0.7350748140064768,
raw_not_declustered_33842,C_plus_GPS,P,0.7614708717992246,0.4859898356556389,
raw_not_declustered_33842,C_plus_GPS,K,0.7797390886862607,0.4675065669887426,
raw_not_declustered_33842,C_plus_GPS,OC,0.8750824831301187,0.675624175346953,
