target,region,model,n,R2,RMSE,bias
N,Vidarbha,region_model,3561,0.17725952492122454,87.83255067149699,-19.48457688786263
N,Vidarbha,statewide_model,3561,0.1578488759752339,88.86261303504703,-8.994506240465284
N,Marathwada,region_model,3838,0.2357375346337165,61.43390427167466,-8.99035346611177
N,Marathwada,statewide_model,3838,-0.04432520841511001,71.81327482458549,-22.206681402104238
N,North MH,region_model,5373,0.08153183530611219,60.28273573221614,-8.796209621308407
N,North MH,statewide_model,5373,-0.0017669924137102555,62.957033800211704,-14.232626628671625
N,Western MH,region_model,2729,0.3646781789427347,96.7930530027772,-16.59927064367571
N,Western MH,statewide_model,2729,0.2648921845268606,104.11728203545059,-14.037485524461829
N,Konkan,region_model,1772,0.20425565888908814,281.3690802639756,-95.4263468871859
N,Konkan,statewide_model,1772,0.13131854208919858,293.98140917227255,-107.92825564179685
P,Vidarbha,region_model,3561,0.05377627644096772,17.951418205712756,-4.185051017508876
P,Vidarbha,statewide_model,3561,-0.01740820496726392,18.614418178517276,-5.068224786277124
P,Marathwada,region_model,3838,0.2522409332165836,12.599259495923965,-2.143988513690612
P,Marathwada,statewide_model,3838,0.23543414578212607,12.740064482978074,0.24488134958402874
P,North MH,region_model,5373,0.1041788409124702,20.812347152538873,-3.881892804810679
P,North MH,statewide_model,5373,-0.007027155232355975,22.06637498958212,-4.957854909768393
P,Western MH,region_model,2729,0.23999765235785653,36.19154744150371,-8.753630816197969
P,Western MH,statewide_model,2729,0.0993647912401181,39.39799730852739,-12.714088908850986
P,Konkan,region_model,1772,-0.0014321939844879061,28.87219048596424,-8.207179885030698
P,Konkan,statewide_model,1772,-0.026696282307072883,29.2341152382967,-8.086177853497826
K,Vidarbha,region_model,3561,0.27455741679547463,292.3397746076743,-59.626511989565415
K,Vidarbha,statewide_model,3561,0.08974202850820734,327.4678216083519,-112.22507838587029
K,Marathwada,region_model,3838,0.06172634805844013,176.92998612133044,-28.09938167943409
K,Marathwada,statewide_model,3838,-0.0690702687792224,188.859923273986,-55.208129486317375
K,North MH,region_model,5373,0.11714605764962738,134.3639155927443,-25.02104962614169
K,North MH,statewide_model,5373,0.07457718830709192,137.56511685845,15.30473785852115
K,Western MH,region_model,2729,-0.037497396179460685,233.72480034966043,-53.58152588405011
K,Western MH,statewide_model,2729,-0.05113177036184258,235.2555463901696,-63.563835605370855
K,Konkan,region_model,1772,0.024518377703508842,358.42158726298914,-98.8177569907674
K,Konkan,statewide_model,1772,-0.009540366548177914,364.62501273329457,-122.44076345455022
OC,Vidarbha,region_model,3561,0.15036924770765314,0.2416681111674556,-0.015391936471470469
OC,Vidarbha,statewide_model,3561,-0.016735505814433838,0.2643676016313086,-0.011290528176625736
OC,Marathwada,region_model,3838,0.05200390507792241,0.1354939763847211,-0.0042419065521381305
OC,Marathwada,statewide_model,3838,-0.27500740095609744,0.15713504961785935,0.060657229624544506
OC,North MH,region_model,5373,0.2127031062672261,0.3113990689825622,-0.02363008870727168
OC,North MH,statewide_model,5373,0.01180343560633379,0.34887488846101167,-0.07815383332297687
OC,Western MH,region_model,2729,0.25773505590771684,0.2486921215016479,-0.020015333907773436
OC,Western MH,statewide_model,2729,0.17384242602404942,0.2623698919753778,0.04754701325566596
OC,Konkan,region_model,1772,0.13362931675699463,0.6363530925192851,-0.07732280776923961
OC,Konkan,statewide_model,1772,-0.04437750208896385,0.6986747350239217,-0.18424546921872054
