set,blocks,n_features,target,R2
full_comp_pHEC_terrain,10km,42,N,0.4090585250203773
full_comp_pHEC_terrain,10km,42,P,0.10779698211241173
full_comp_pHEC_terrain,10km,42,K,0.11552246771463592
full_comp_pHEC_terrain,10km,42,OC,0.36954513292726676
full_comp_pHEC_terrain,50km,42,N,0.23001581219540967
full_comp_pHEC_terrain,50km,42,P,0.03776482758144217
full_comp_pHEC_terrain,50km,42,K,0.06175932971163256
full_comp_pHEC_terrain,50km,42,OC,0.33741693531474726
no_elevation,10km,41,N,0.2720327045138403
no_elevation,10km,41,P,0.04132681394062687
no_elevation,10km,41,K,0.05491405438117747
no_elevation,10km,41,OC,0.29133848392818684
no_elevation,50km,41,N,0.16255155055257398
no_elevation,50km,41,P,0.003836905239336885
no_elevation,50km,41,K,0.018322745937605855
no_elevation,50km,41,OC,0.25054111890696096
comp_pHEC_no_terrain,10km,35,N,0.22522466900342475
comp_pHEC_no_terrain,10km,35,P,0.03443449992933034
comp_pHEC_no_terrain,10km,35,K,0.05367348105417369
comp_pHEC_no_terrain,10km,35,OC,0.28039059305755565
terrain_pHEC_no_satellite,10km,9,N,0.38485907462916114
terrain_pHEC_no_satellite,10km,9,P,0.08278100265343036
terrain_pHEC_no_satellite,10km,9,K,0.08401165233529961
terrain_pHEC_no_satellite,10km,9,OC,0.3581939368214534
single_date_pHEC_terrain,10km,37,N,0.4036620516409053
single_date_pHEC_terrain,10km,37,P,0.0893391487506543
single_date_pHEC_terrain,10km,37,K,0.09556246798807633
single_date_pHEC_terrain,10km,37,OC,0.3564244361730208
comp_only,10km,33,N,0.07128351852702186
comp_only,10km,33,P,-0.011884489512160368
comp_only,10km,33,K,0.0076717496185712
comp_only,10km,33,OC,0.16889144222806207
terrain_only,10km,7,N,0.33354044638443114
terrain_only,10km,7,P,0.011795190728726257
terrain_only,10km,7,K,0.020057033048066608
terrain_only,10km,7,OC,0.27592631199017204
