model,target,R2,RMSE,MAE,RPIQ
DecisionTree,N,0.16134454919892904,143.87401796833674,88.88317556673675,0.7052698008498737
DecisionTree,P,-0.03910570139001357,26.255032075331172,13.847148926756969,0.47152865646780373
DecisionTree,K,-0.08885042015332378,267.9079176452508,185.04050249637112,1.022739463649656
DecisionTree,OC,0.11556436704164963,0.4080830725426764,0.25725733236723386,0.7228920282380731
ExtraTrees,N,0.2252058100380997,138.2877667062911,80.25741341257574,0.733759770779376
ExtraTrees,P,0.017799536757014622,25.525999514650106,12.214462581001053,0.4849956998900185
ExtraTrees,K,0.03430825602702725,252.30200191960458,166.07484991675588,1.0860001027154331
ExtraTrees,OC,0.26402529721319856,0.3722604586564072,0.22577650151002202,0.7924559085988828
Cubist,N,0.24599440236535042,136.41994506985688,80.11381714959583,0.7438061930609928
Cubist,P,0.01572823414633362,25.552900450912798,12.170588106537284,0.4844851183834109
Cubist,K,0.051725653989257436,250.01636579946364,164.8369969852881,1.0959282570316755
Cubist,OC,0.26986622750568734,0.37078032716236087,0.22058450162905813,0.7956193422064235
