data,region,features,target,n,test 70/30,train 70/30,test 80/20,test 60/40,spatial 10km
de-clustered,Vidarbha,41 inputs,N,3561,0.27383938073190095,0.7471961521740265,0.25784506773000204,0.2683741504106336,0.15034438791181992
de-clustered,Vidarbha,41 inputs,P,3561,0.09633438995553045,0.5801096673419885,0.10683719817452719,0.07712757469975129,0.0253923687850256
de-clustered,Vidarbha,41 inputs,K,3561,0.3252036341335547,0.7543599410985937,0.327820706417866,0.29455394917860533,0.23898888717499833
de-clustered,Vidarbha,41 inputs,OC,3561,0.14176061870187995,0.726961088733596,0.1766546919095896,0.1414832496978311,0.060166243911059514
de-clustered,Vidarbha,41 + elev + climate,N,3561,0.6455454482701874,0.866932000486114,0.654985052298266,0.63776108459079,0.33109639353487996
de-clustered,Vidarbha,41 + elev + climate,P,3561,0.40578881077584583,0.7436536344026083,0.482748274120565,0.3141279076429213,0.19291230012662441
de-clustered,Vidarbha,41 + elev + climate,K,3561,0.6474424377843678,0.8615632594496825,0.6532210768936071,0.5890119835621446,0.4527230192329268
de-clustered,Vidarbha,41 + elev + climate,OC,3561,0.4266686926979435,0.8382332111772656,0.45131911199266406,0.40590459342215124,0.26157804087901737
de-clustered,Marathwada,41 inputs,N,3838,0.2018730805503114,0.7627611208402185,0.19030987777591235,0.19720367658085813,0.13427988105081778
de-clustered,Marathwada,41 inputs,P,3838,0.1953655804610951,0.6186856867655599,0.17875642973542494,0.20712079887985146,0.21086483987859705
de-clustered,Marathwada,41 inputs,K,3838,0.06841595058222849,0.714236851093587,0.06630309203632478,0.06056193328610637,0.014195393114478483
de-clustered,Marathwada,41 inputs,OC,3838,0.022686297573374148,0.7297372634619816,0.02103195240338529,0.027023075262386453,0.02049728153116337
de-clustered,Marathwada,41 + elev + climate,N,3838,0.5687039597312531,0.8939952737882714,0.5691731898010166,0.5863742476846361,0.44704562826442573
de-clustered,Marathwada,41 + elev + climate,P,3838,0.6523404452786621,0.8474792660358172,0.6766533138529188,0.6548221952104566,0.5301105873221154
de-clustered,Marathwada,41 + elev + climate,K,3838,0.31450703091091414,0.795570007058469,0.33066392030892244,0.3097811515923172,0.2125322840209629
de-clustered,Marathwada,41 + elev + climate,OC,3838,0.11891677960425884,0.7813674155802479,0.09220805840648083,0.15051597317041887,0.12739370233540637
de-clustered,North MH,41 inputs,N,5373,0.13063581201499097,0.7183073438531825,0.12931425175685263,0.1181902419164913,0.04174818990719342
de-clustered,North MH,41 inputs,P,5373,0.11440258839845008,0.5576767457221138,0.09934036233017962,0.12612127585129673,0.04645593294808059
de-clustered,North MH,41 inputs,K,5373,0.13568495468761166,0.6835299185496364,0.14610922919176406,0.11622201530339638,0.008527494829630222
de-clustered,North MH,41 inputs,OC,5373,0.1946775102599193,0.7038138717383486,0.21576633085395114,0.1944800545503288,0.11233991056710202
de-clustered,North MH,41 + elev + climate,N,5373,0.5125108861997173,0.8542132303103653,0.5490514653761042,0.5064064586751535,0.3324279926334832
de-clustered,North MH,41 + elev + climate,P,5373,0.475468848598257,0.7558406463649319,0.45298128883888655,0.4579453740023891,0.24983614343781424
de-clustered,North MH,41 + elev + climate,K,5373,0.5361313626081492,0.7910351849772266,0.58674698306761,0.4923260968520101,0.27076515288917646
de-clustered,North MH,41 + elev + climate,OC,5373,0.49589100710234524,0.8294903942650965,0.4414745629580574,0.4867556346444899,0.33158532815708675
de-clustered,Western MH,41 inputs,N,2729,0.3110329417149812,0.7468610929126493,0.30881305819010174,0.30711777312394184,0.21570601724187222
de-clustered,Western MH,41 inputs,P,2729,0.25048080394017525,0.6874293079409056,0.27463262910117714,0.2527435208688332,0.22955101430813263
de-clustered,Western MH,41 inputs,K,2729,0.04840814892847656,0.6335908460437294,0.04124623318158982,0.014740852669708815,-0.02967814548196368
de-clustered,Western MH,41 inputs,OC,2729,0.3674937878592449,0.7594518214902186,0.40090422778337576,0.2793638153035122,0.17685733983494345
de-clustered,Western MH,41 + elev + climate,N,2729,0.6075910995338587,0.8586978940867314,0.58515817515121,0.6041493685630954,0.4465581162866564
de-clustered,Western MH,41 + elev + climate,P,2729,0.4151253589482793,0.7741687501497307,0.41078441057295545,0.42503618609751215,0.3386753149393841
de-clustered,Western MH,41 + elev + climate,K,2729,0.11254508472237335,0.6577328494932125,0.08707488264467356,0.08266264204164742,-0.018611023669548254
de-clustered,Western MH,41 + elev + climate,OC,2729,0.6723750669627281,0.8306132964585666,0.7149086142750822,0.5240788275925621,0.4430507049535878
de-clustered,Konkan,41 inputs,N,1772,0.2654660326356443,0.7797691797180915,0.27651049936163563,0.28173464965919215,0.1412336732249848
de-clustered,Konkan,41 inputs,P,1772,0.07792008759478286,0.5235585876855342,0.1355393602987286,0.0787141196864356,0.021764298254470793
de-clustered,Konkan,41 inputs,K,1772,0.1255439800555278,0.6337105005637975,0.10546701366978706,0.1568767156511942,-0.021699426124059507
de-clustered,Konkan,41 inputs,OC,1772,0.21375799171924426,0.7727713862385054,0.2111124230657837,0.23166486789940566,0.08901242906901508
de-clustered,Konkan,41 + elev + climate,N,1772,0.6141135546621748,0.8948184529081232,0.6382772206209093,0.6026920197292862,0.4451713155797816
de-clustered,Konkan,41 + elev + climate,P,1772,0.2755127428196422,0.6250865040342171,0.3705387828037592,0.28143305457937173,0.035561602425927874
de-clustered,Konkan,41 + elev + climate,K,1772,0.3664897402158439,0.7215614473381888,0.36427692458865835,0.36198908296806587,0.05020244326363432
de-clustered,Konkan,41 + elev + climate,OC,1772,0.5514534639868021,0.8559373705188491,0.5180178503933514,0.533273426491923,0.18205834163695955
clustered,Vidarbha,41 inputs,N,5401,0.4097094214019462,0.7756422263900261,0.43942135618084033,0.40729016733585777,0.158795234448877
clustered,Vidarbha,41 inputs,P,5401,0.3698405533915121,0.5737861293625732,0.3841908156432793,0.32218384097362374,0.03152511806114089
clustered,Vidarbha,41 inputs,K,5401,0.4745359481792606,0.7852271226537654,0.49126923211970974,0.46275836610248067,0.2388786953229608
clustered,Vidarbha,41 inputs,OC,5401,0.24466870505406657,0.7190551843480211,0.2423077032894465,0.23200970500128681,0.05707712814509269
clustered,Vidarbha,41 + elev + climate,N,5401,0.6928511424241646,0.87138567054667,0.7261625524492024,0.6850802610521589,0.31755111738955555
clustered,Vidarbha,41 + elev + climate,P,5401,0.564271211441821,0.7368043403279427,0.5489868785815397,0.5306157072359191,0.1537130110695799
clustered,Vidarbha,41 + elev + climate,K,5401,0.6543941023440603,0.8603302129096704,0.6702076465469531,0.643868313560455,0.40495764423387404
clustered,Vidarbha,41 + elev + climate,OC,5401,0.4375995909092406,0.7804765383143393,0.4325994748110543,0.44282756847452565,0.19791568006713256
clustered,Marathwada,41 inputs,N,5719,0.3245997682037126,0.7757358760415812,0.31529431997009427,0.3255374292644133,0.1290363114029266
clustered,Marathwada,41 inputs,P,5719,0.3701021261286471,0.63655358817491,0.39238462961429044,0.342453955998665,0.1909739704835577
clustered,Marathwada,41 inputs,K,5719,0.17025130895868867,0.6956979737433804,0.19122728193127847,0.14703635995860698,0.0017284479927388574
clustered,Marathwada,41 inputs,OC,5719,0.07864811897861135,0.6140672736834206,0.0710552623965971,0.0742838492764738,0.012985514544787802
clustered,Marathwada,41 + elev + climate,N,5719,0.6027015079998118,0.8633650807989444,0.5920308341246914,0.6029487311312329,0.465476119539455
clustered,Marathwada,41 + elev + climate,P,5719,0.7299506659993393,0.8621934799316195,0.7406307651750763,0.7036290524633633,0.5197091236933868
clustered,Marathwada,41 + elev + climate,K,5719,0.310042407423616,0.7480172041213606,0.3124105797265764,0.2953010441107148,0.19863801634036915
clustered,Marathwada,41 + elev + climate,OC,5719,0.1832265082148321,0.6357055130546804,0.14908911524945045,0.16371833512338196,0.14448277537356735
clustered,North MH,41 inputs,N,7842,0.23651351987318758,0.7085147820876736,0.23037993910956667,0.2011245500281148,0.033970777073232594
clustered,North MH,41 inputs,P,7842,0.2979153790480066,0.6007446916540131,0.303670307169164,0.24548964729674916,0.030375285196435398
clustered,North MH,41 inputs,K,7842,0.1944683197668866,0.7174523202089023,0.19461668967026013,0.18876188772354374,0.013076603525450259
clustered,North MH,41 inputs,OC,7842,0.2684765693369362,0.7121225638130867,0.26490553897151203,0.2331298441464552,0.10726480200364097
clustered,North MH,41 + elev + climate,N,7842,0.5524995747010788,0.8007645723981888,0.5600410528044516,0.5263398283026381,0.3032201991666491
clustered,North MH,41 + elev + climate,P,7842,0.644355672896908,0.7707404807753252,0.6609103585426538,0.5890885233024415,0.23243833843265127
clustered,North MH,41 + elev + climate,K,7842,0.49824185368607776,0.8066826497322186,0.4973419448860612,0.47422076283564374,0.2652313046794873
clustered,North MH,41 + elev + climate,OC,7842,0.5497132292822172,0.8189232387394672,0.5720851455788648,0.5242413850179044,0.32130778140055294
clustered,Western MH,41 inputs,N,3759,0.39809329783872194,0.7654038178863409,0.39895806707351344,0.40757819867997147,0.19674801420497812
clustered,Western MH,41 inputs,P,3759,0.365972071460995,0.6722247765868627,0.43098573947434005,0.3631730618346396,0.19610152584439366
clustered,Western MH,41 inputs,K,3759,0.10030707017931928,0.6171988767531524,0.1437991951598948,0.09312434750525211,-0.03466485505211181
clustered,Western MH,41 inputs,OC,3759,0.41667604687494486,0.7838911736135643,0.4786026404235384,0.39886795637001016,0.14235861958550844
clustered,Western MH,41 + elev + climate,N,3759,0.6124819311373856,0.848035613789702,0.6050252836905814,0.6251756227377697,0.38696354273498135
clustered,Western MH,41 + elev + climate,P,3759,0.5179985607445232,0.7711021020345008,0.5817525566256516,0.5134136995643002,0.3108384493163736
clustered,Western MH,41 + elev + climate,K,3759,0.1542725924131818,0.6271046848412029,0.20082733792793084,0.13701049892572825,-0.02175739685936451
clustered,Western MH,41 + elev + climate,OC,3759,0.6551377851500564,0.8423960502121018,0.7277403718466551,0.6531621773052018,0.4279492151781029
clustered,Konkan,41 inputs,N,2733,0.4263699596107251,0.7926368220009118,0.43732345575748044,0.3910320137551032,0.11958853390983026
clustered,Konkan,41 inputs,P,2733,0.21852377274404855,0.5320130126607053,0.22571474900807964,0.19053306808617454,0.027795718539206704
clustered,Konkan,41 inputs,K,2733,0.1301813279507672,0.65790767644347,0.1756931026410009,0.15292475898249158,-0.043440071321251494
clustered,Konkan,41 inputs,OC,2733,0.3276586181714366,0.7753330086510902,0.36269000945645935,0.3010399907632053,0.06151638503423762
clustered,Konkan,41 + elev + climate,N,2733,0.6895068721283681,0.8868904476369208,0.6672462622601003,0.6529897651509426,0.41637738449063244
clustered,Konkan,41 + elev + climate,P,2733,0.36067646876021564,0.620586060472948,0.4010307523433796,0.33049460908596473,0.05065795897066416
clustered,Konkan,41 + elev + climate,K,2733,0.36743348503043727,0.7386080365701221,0.38977740565688945,0.3673581880890473,0.03676008313518597
clustered,Konkan,41 + elev + climate,OC,2733,0.5244920562255311,0.8242934952842194,0.5398511717791177,0.5042277741233513,0.2027056671111248
