region,features,model,target,n,R2,RMSE,MAE
Vidarbha,41 inputs,RandomForest,N,3561,0.1503443879118197,89.25766645874415,63.89504402547569
Vidarbha,41 inputs,RandomForest,P,3561,0.0253923687850256,18.218673472418818,9.862731181877088
Vidarbha,41 inputs,RandomForest,K,3561,0.23898888717499855,299.4207436669518,191.10972977311297
Vidarbha,41 inputs,RandomForest,OC,3561,0.060166243911059736,0.2541731995411729,0.178034918895276
Vidarbha,41 inputs,ExtraTrees,N,3561,0.1431987863022247,89.63220900978341,64.59172750815192
Vidarbha,41 inputs,ExtraTrees,P,3561,0.021891410895648944,18.25136644009939,9.98082143056433
Vidarbha,41 inputs,ExtraTrees,K,3561,0.2366132928674619,299.88771974757174,192.03087403354817
Vidarbha,41 inputs,ExtraTrees,OC,3561,0.05126311792594329,0.2553742640863969,0.17877869656432868
Vidarbha,41 inputs,Cubist,N,3561,0.1498108228000602,89.2856879898325,64.38399693999773
Vidarbha,41 inputs,Cubist,P,3561,0.02815643780711541,18.19282028559759,9.975044702692601
Vidarbha,41 inputs,Cubist,K,3561,0.2685559136539827,293.54653059352205,190.1935520304755
Vidarbha,41 inputs,Cubist,OC,3561,0.014147656734313174,0.2603215806626209,0.17879017213990098
Vidarbha,41 inputs,DecisionTree,N,3561,-0.0328305077221509,98.40985505810531,71.96650923065162
Vidarbha,41 inputs,DecisionTree,P,3561,-0.057476303177786514,18.97742004934101,10.942010891047843
Vidarbha,41 inputs,DecisionTree,K,3561,0.11785004282996336,322.3722081415762,213.60316340382315
Vidarbha,41 inputs,DecisionTree,OC,3561,-0.09981187450261864,0.27495615013200975,0.19830185269322925
Vidarbha,41 inputs,SVR,N,3561,0.14930049159044312,89.31248110759891,64.69863914806575
Vidarbha,41 inputs,SVR,P,3561,0.025288307826579204,18.21964606998479,10.159363213603964
Vidarbha,41 inputs,SVR,K,3561,0.23742220214476162,299.7287922653538,195.14946221954202
Vidarbha,41 inputs,SVR,OC,3561,0.00180293633269768,0.2619463673665312,0.18013489878252062
Vidarbha,41 inputs,KNN,N,3561,0.11284777350095332,91.20594274586337,66.29143777106543
Vidarbha,41 inputs,KNN,P,3561,-2.6508769737976223e-05,18.454726130503637,10.282090185886553
Vidarbha,41 inputs,KNN,K,3561,0.21055468429450763,304.96318267714355,196.38437198198477
Vidarbha,41 inputs,KNN,OC,3561,0.001151423748171343,0.26203183822338566,0.18294969010099357
Vidarbha,41 + elev + climate,RandomForest,N,3561,0.33109639353487996,79.19647141393081,55.26631957894178
Vidarbha,41 + elev + climate,RandomForest,P,3561,0.19291230012662453,16.579148162473164,8.483714638160436
Vidarbha,41 + elev + climate,RandomForest,K,3561,0.4527230192329267,253.9159463043623,161.083267080315
Vidarbha,41 + elev + climate,RandomForest,OC,3561,0.26157804087901737,0.22529758563629862,0.15688787490420564
Vidarbha,41 + elev + climate,ExtraTrees,N,3561,0.34989243226562583,78.07584157039894,55.45966706092529
Vidarbha,41 + elev + climate,ExtraTrees,P,3561,0.17118247360057548,16.800852208475504,8.690724689909361
Vidarbha,41 + elev + climate,ExtraTrees,K,3561,0.438872993565926,257.1088175278825,163.19478774052877
Vidarbha,41 + elev + climate,ExtraTrees,OC,3561,0.20974678459311746,0.23307053436805197,0.16089450318456763
Vidarbha,41 + elev + climate,Cubist,N,3561,0.3704861905822293,76.82926776777016,53.70810963385236
Vidarbha,41 + elev + climate,Cubist,P,3561,0.14984814615559616,17.01571102780854,8.657327678843115
Vidarbha,41 + elev + climate,Cubist,K,3561,0.48323674999908406,246.73581590683696,157.4182543239135
Vidarbha,41 + elev + climate,Cubist,OC,3561,0.22616477467892215,0.23063673622224334,0.16200067999205414
Vidarbha,41 + elev + climate,DecisionTree,N,3561,0.20052327920961122,86.58187260770944,61.182691194028756
Vidarbha,41 + elev + climate,DecisionTree,P,3561,0.017782915748759787,18.28965823759266,10.248631660265048
Vidarbha,41 + elev + climate,DecisionTree,K,3561,0.35552707393811644,275.5425822825622,178.81708741179568
Vidarbha,41 + elev + climate,DecisionTree,OC,3561,0.08816774022797724,0.25035813784795524,0.17825816892512397
Vidarbha,41 + elev + climate,SVR,N,3561,0.30769284147468146,80.57002056391303,58.661142224621656
Vidarbha,41 + elev + climate,SVR,P,3561,0.07305535488777004,17.76759917820161,9.755005373146421
Vidarbha,41 + elev + climate,SVR,K,3561,0.3554774290172127,275.55319485116274,177.55380012482732
Vidarbha,41 + elev + climate,SVR,OC,3561,0.08356872977955065,0.25098870969928583,0.17200582520602864
Vidarbha,41 + elev + climate,KNN,N,3561,0.2299688784812205,84.97246211612293,62.338057054317225
Vidarbha,41 + elev + climate,KNN,P,3561,0.05087226224794017,17.978944061827875,9.856389075467415
Vidarbha,41 + elev + climate,KNN,K,3561,0.30416512792277006,286.31195355459886,183.554585725643
Vidarbha,41 + elev + climate,KNN,OC,3561,0.07830801954343913,0.2517080704689003,0.1754458535709626
Marathwada,41 inputs,RandomForest,N,3838,0.13427988105081767,65.38462035230765,46.610396861938455
Marathwada,41 inputs,RandomForest,P,3838,0.21086483987859705,12.943146710589776,5.930385040994782
Marathwada,41 inputs,RandomForest,K,3838,0.01419539311447826,181.35607361717052,137.78776026893667
Marathwada,41 inputs,RandomForest,OC,3838,0.020497281531163147,0.13772714248560297,0.09244007520045483
Marathwada,41 inputs,ExtraTrees,N,3838,0.12176974437267218,65.85534792769113,46.78466365200801
Marathwada,41 inputs,ExtraTrees,P,3838,0.16897068627333722,13.282271357437628,6.1572314501723575
Marathwada,41 inputs,ExtraTrees,K,3838,0.011450952010905402,181.6083422370135,139.80513929820575
Marathwada,41 inputs,ExtraTrees,OC,3838,0.01778513253898739,0.1379176872943681,0.09276646081922317
Marathwada,41 inputs,Cubist,N,3838,0.10018392869314596,66.65975667205365,47.08337356297975
Marathwada,41 inputs,Cubist,P,3838,0.1921009721787138,13.096122227376867,5.9459344466797335
Marathwada,41 inputs,Cubist,K,3838,-0.008133353079687211,183.39845578370628,138.32734866477182
Marathwada,41 inputs,Cubist,OC,3838,-3.1369287125659895e-05,0.13916291776048167,0.09343195901089282
Marathwada,41 inputs,DecisionTree,N,3838,-0.08607141106450089,73.23455417557895,53.73637467689271
Marathwada,41 inputs,DecisionTree,P,3838,0.14681087410915206,13.458195500197846,6.649567841026446
Marathwada,41 inputs,DecisionTree,K,3838,-0.2172558770337556,201.52439360554868,155.25640273972382
Marathwada,41 inputs,DecisionTree,OC,3838,-0.13417663074426533,0.1482030226968977,0.10342378184078316
Marathwada,41 inputs,SVR,N,3838,0.07969306355900485,67.41448153849137,47.86020073574714
Marathwada,41 inputs,SVR,P,3838,0.1854578182748059,13.149855082654174,6.029793884071128
Marathwada,41 inputs,SVR,K,3838,-0.006916480354942189,183.28773632183695,138.64683007295008
Marathwada,41 inputs,SVR,OC,3838,-0.008402038992498362,0.13974412919056795,0.09404095444844557
Marathwada,41 inputs,KNN,N,3838,0.06981828629848075,67.77519096722713,48.48670994513035
Marathwada,41 inputs,KNN,P,3838,0.09448777278648457,13.864727442037683,6.463044553004713
Marathwada,41 inputs,KNN,K,3838,-0.0022738561611663766,182.86470262267773,142.53295846426113
Marathwada,41 inputs,KNN,OC,3838,-0.015208180197161303,0.14021493287563658,0.09476942701230567
Marathwada,41 + elev + climate,RandomForest,N,3838,0.4470456282644256,52.2554388276912,36.09248012615422
Marathwada,41 + elev + climate,RandomForest,P,3838,0.5301105873221152,9.987619920297673,4.236152671026527
Marathwada,41 + elev + climate,RandomForest,K,3838,0.2125322840209628,162.08882050190732,118.09122798881717
Marathwada,41 + elev + climate,RandomForest,OC,3838,0.12739370233540637,0.12999477170828871,0.08390031567843909
Marathwada,41 + elev + climate,ExtraTrees,N,3838,0.4774080392370923,50.80052650908948,35.78937168194672
Marathwada,41 + elev + climate,ExtraTrees,P,3838,0.49137954987608623,10.391089510389412,4.3752106906872426
Marathwada,41 + elev + climate,ExtraTrees,K,3838,0.2008497509090842,163.2867340187063,119.30475271704076
Marathwada,41 + elev + climate,ExtraTrees,OC,3838,0.13186407313046078,0.12966136188636296,0.08377937866054971
Marathwada,41 + elev + climate,Cubist,N,3838,0.4922717679394304,50.07287268438311,35.38080811207813
Marathwada,41 + elev + climate,Cubist,P,3838,0.5115427574369326,10.183040093241292,4.276688982761867
Marathwada,41 + elev + climate,Cubist,K,3838,0.18405779527759458,164.99332771698215,118.33533312452369
Marathwada,41 + elev + climate,Cubist,OC,3838,0.08867014007688567,0.13284784513026598,0.08664769900916976
Marathwada,41 + elev + climate,DecisionTree,N,3838,0.3405097998436445,57.06778605217828,40.20045315409878
Marathwada,41 + elev + climate,DecisionTree,P,3838,0.41660920542999735,11.12868790084526,5.1702809982600675
Marathwada,41 + elev + climate,DecisionTree,K,3838,-0.0627135955935274,188.2976072413077,138.90278544446116
Marathwada,41 + elev + climate,DecisionTree,OC,3838,-0.022040440405057815,0.14068595868975514,0.09271587474550684
Marathwada,41 + elev + climate,SVR,N,3838,0.3748271260160384,55.56315706571153,39.52209371494458
Marathwada,41 + elev + climate,SVR,P,3838,0.3817425228147502,11.456418388083307,4.996897399611775
Marathwada,41 + elev + climate,SVR,K,3838,0.08230428337908258,174.97904234063802,126.65581482289879
Marathwada,41 + elev + climate,SVR,OC,3838,0.06544122811148578,0.13453027292372283,0.08863214873071112
Marathwada,41 + elev + climate,KNN,N,3838,0.27545822539358045,59.81616510939383,42.2306172305425
Marathwada,41 + elev + climate,KNN,P,3838,0.2926166440337359,12.254387114263166,5.381573171036775
Marathwada,41 + elev + climate,KNN,K,3838,0.06992324017940033,176.1554480256174,132.3280821162961
Marathwada,41 + elev + climate,KNN,OC,3838,0.024070846921801614,0.1374756747411904,0.09166042587560932
North MH,41 inputs,RandomForest,N,5373,0.041748189907193534,61.57447582046819,43.98193010632851
North MH,41 inputs,RandomForest,P,5373,0.04645593294808059,21.472409819125478,10.114471809385792
North MH,41 inputs,RandomForest,K,5373,0.008527494829630222,142.38969464246628,102.90164129902355
North MH,41 inputs,RandomForest,OC,5373,0.1123399105671018,0.33065217796859775,0.2013442322346952
North MH,41 inputs,ExtraTrees,N,5373,0.025940673090874,62.08027096803639,44.40286770654998
North MH,41 inputs,ExtraTrees,P,5373,0.018336946889073724,21.78670867320245,10.2061596764789
North MH,41 inputs,ExtraTrees,K,5373,-2.1223523200886163e-05,143.00223648563522,104.7737672259943
North MH,41 inputs,ExtraTrees,OC,5373,0.1003482757101678,0.3328781193310418,0.20116301911331708
North MH,41 inputs,Cubist,N,5373,0.023197952446194048,62.1676112076746,44.281244492470805
North MH,41 inputs,Cubist,P,5373,0.011089761464981418,21.866981621972602,9.812337997032401
North MH,41 inputs,Cubist,K,5373,0.024069748290247772,141.26924082515768,101.88047105179174
North MH,41 inputs,Cubist,OC,5373,0.06485267325900768,0.3393814174253177,0.19875729405015377
North MH,41 inputs,DecisionTree,N,5373,-0.14066726823646936,67.18006025374677,49.533054744088034
North MH,41 inputs,DecisionTree,P,5373,-0.03598971137851992,22.38144511725858,11.530981947017388
North MH,41 inputs,DecisionTree,K,5373,-0.20122391078435697,156.7293041079205,115.69787888026072
North MH,41 inputs,DecisionTree,OC,5373,-0.04282096852230555,0.35838755335624994,0.2272151003905077
North MH,41 inputs,SVR,N,5373,-0.0007476672600139622,62.924995401277826,45.14779308780068
North MH,41 inputs,SVR,P,5373,-0.041351907325524184,22.439292602795774,10.08519546313634
North MH,41 inputs,SVR,K,5373,-0.006015146212719813,143.4301593024843,105.56938401784384
North MH,41 inputs,SVR,OC,5373,0.016932463953441945,0.347968329399185,0.20060094736717102
North MH,41 inputs,KNN,N,5373,-0.010023918167221701,63.2159586747618,45.97699940687399
North MH,41 inputs,KNN,P,5373,-0.007320167261316568,22.069585053488762,10.565929953551972
North MH,41 inputs,KNN,K,5373,-0.016294745524393806,144.16109127539607,106.8135914368743
North MH,41 inputs,KNN,OC,5373,0.03815199816451009,0.344192390320187,0.2065056712873802
North MH,41 + elev + climate,RandomForest,N,5373,0.33242799263348344,51.39370863282523,36.81070447285798
North MH,41 + elev + climate,RandomForest,P,5373,0.24983614343781413,19.045328641323234,9.035884305278216
North MH,41 + elev + climate,RandomForest,K,5373,0.2707651528891766,122.11581938999501,80.31488026780983
North MH,41 + elev + climate,RandomForest,OC,5373,0.33158532815708686,0.28692674258063056,0.17448228686115103
North MH,41 + elev + climate,ExtraTrees,N,5373,0.24464736940526866,54.668325587037174,38.991327883346074
North MH,41 + elev + climate,ExtraTrees,P,5373,0.20572882404750492,19.597235178486546,9.204612659912815
North MH,41 + elev + climate,ExtraTrees,K,5373,0.23631171524795735,124.9672708210916,84.28088007694129
North MH,41 + elev + climate,ExtraTrees,OC,5373,0.2623524455939725,0.30142029757803973,0.18325274995147983
North MH,41 + elev + climate,Cubist,N,5373,0.3393821058860679,51.125323124618326,37.13746411090504
North MH,41 + elev + climate,Cubist,P,5373,0.33172206357265965,17.975830516742004,8.598902488939652
North MH,41 + elev + climate,Cubist,K,5373,0.2428531999313317,124.43090697659858,83.34835710419198
North MH,41 + elev + climate,Cubist,OC,5373,0.26226935755919567,0.3014372729715131,0.18231692491770288
North MH,41 + elev + climate,DecisionTree,N,5373,0.11583391718612035,59.14633309841167,43.15933415846372
North MH,41 + elev + climate,DecisionTree,P,5373,0.2265263969552127,19.338961627545277,9.85922031507284
North MH,41 + elev + climate,DecisionTree,K,5373,0.11749981708671398,134.3369930954968,93.35106032342578
North MH,41 + elev + climate,DecisionTree,OC,5373,0.17920000098870592,0.31795577280061893,0.199448929851703
North MH,41 + elev + climate,SVR,N,5373,0.09460782981513771,59.85208257828955,42.25462060941292
North MH,41 + elev + climate,SVR,P,5373,0.013858446110524114,21.836349311158482,9.858299938830456
North MH,41 + elev + climate,SVR,K,5373,0.11701676939614492,134.3737535960645,96.25492334742702
North MH,41 + elev + climate,SVR,OC,5373,0.12400928791193,0.32847157397469584,0.19390435829549493
North MH,41 + elev + climate,KNN,N,5373,0.022655649665553668,62.184865978230356,44.61047748339046
North MH,41 + elev + climate,KNN,P,5373,0.05105548154371753,21.420559682565774,10.264407920573557
North MH,41 + elev + climate,KNN,K,5373,0.052887013342252764,139.16791377472532,101.25313071975808
North MH,41 + elev + climate,KNN,OC,5373,0.13029873975658024,0.32729026708594594,0.1997531519548188
Western MH,41 inputs,RandomForest,N,2729,0.2157060172418721,107.54413824018215,76.9686479717672
Western MH,41 inputs,RandomForest,P,2729,0.22955101430813252,36.439434585013835,19.064740559368897
Western MH,41 inputs,RandomForest,K,2729,-0.029678145481963458,232.84238403859834,167.0769123513197
Western MH,41 inputs,RandomForest,OC,2729,0.17685733983494345,0.2618907184923722,0.1954164745329366
Western MH,41 inputs,ExtraTrees,N,2729,0.19937024118832192,108.65836518708514,78.65563964495246
Western MH,41 inputs,ExtraTrees,P,2729,0.17900600472508676,37.61574572776205,19.739129651904687
Western MH,41 inputs,ExtraTrees,K,2729,-0.03701809319551064,233.67080602834562,167.1914756300311
Western MH,41 inputs,ExtraTrees,OC,2729,0.14576364514789597,0.2667912472042047,0.20004514141168048
Western MH,41 inputs,Cubist,N,2729,0.2592867910776324,104.51348921668092,72.77680327192664
Western MH,41 inputs,Cubist,P,2729,0.21835782455481234,36.70317869201059,19.382344624169086
Western MH,41 inputs,Cubist,K,2729,-0.022007069342937502,231.9734276514628,168.5794414818804
Western MH,41 inputs,Cubist,OC,2729,0.1563247543036046,0.26513691909812914,0.19488662952155827
Western MH,41 inputs,DecisionTree,N,2729,0.0394612545899683,119.0158345420655,85.01139940564124
Western MH,41 inputs,DecisionTree,P,2729,0.20640363666713146,36.98277712148382,20.414737425813662
Western MH,41 inputs,DecisionTree,K,2729,-0.24800265232932217,256.3415723848453,190.00946394542981
Western MH,41 inputs,DecisionTree,OC,2729,0.022448078003928562,0.28539901447565585,0.21273908069925557
Western MH,41 inputs,SVR,N,2729,0.21301555583506682,107.72844134710581,77.99186760312611
Western MH,41 inputs,SVR,P,2729,0.17877163736159618,37.62111438705085,20.15318033967235
Western MH,41 inputs,SVR,K,2729,-0.06878856710544934,237.22321612200074,172.26180190214384
Western MH,41 inputs,SVR,OC,2729,0.09197332379320422,0.27506279766390695,0.20438099561417655
Western MH,41 inputs,KNN,N,2729,0.12379335964944616,113.67123341833508,82.1905081465434
Western MH,41 inputs,KNN,P,2729,0.09686566694773324,39.45262113546971,20.793336371298018
Western MH,41 inputs,KNN,K,2729,-0.058991224687205746,236.13342719747826,170.8343782838839
Western MH,41 inputs,KNN,OC,2729,0.045885912604763934,0.2819568864988822,0.21020249893457404
Western MH,41 + elev + climate,RandomForest,N,2729,0.44655811628665654,90.34067138516663,55.44052995846164
Western MH,41 + elev + climate,RandomForest,P,2729,0.3386753149393841,33.76035872358664,17.22402158438808
Western MH,41 + elev + climate,RandomForest,K,2729,-0.0186110236695487,231.58769260573396,164.92217757334686
Western MH,41 + elev + climate,RandomForest,OC,2729,0.4430507049535878,0.215422162604863,0.14856981416669915
Western MH,41 + elev + climate,ExtraTrees,N,2729,0.458590785955733,89.35320271143304,55.74589746847878
Western MH,41 + elev + climate,ExtraTrees,P,2729,0.33307360163699096,33.903039821246644,17.315041341970705
Western MH,41 + elev + climate,ExtraTrees,K,2729,-0.020296697755823434,231.77923775321835,164.64063236554276
Western MH,41 + elev + climate,ExtraTrees,OC,2729,0.4355971530087336,0.216858849819147,0.15230680914883585
Western MH,41 + elev + climate,Cubist,N,2729,0.43270288571093474,91.46450525690913,58.6074264823073
Western MH,41 + elev + climate,Cubist,P,2729,0.4058903872128947,31.998747204118207,16.92587705158917
Western MH,41 + elev + climate,Cubist,K,2729,-0.034758602566342445,233.41610222552075,169.7281049098421
Western MH,41 + elev + climate,Cubist,OC,2729,0.49141745746779364,0.20585587994629032,0.1402214113830868
Western MH,41 + elev + climate,DecisionTree,N,2729,0.2741699586313998,103.45816518205952,66.20042000468644
Western MH,41 + elev + climate,DecisionTree,P,2729,0.19623248930399073,37.21901792245009,20.955826849022834
Western MH,41 + elev + climate,DecisionTree,K,2729,-0.13659680459728296,244.63269802892373,179.1228387180047
Western MH,41 + elev + climate,DecisionTree,OC,2729,0.28349102586416,0.24433932469729233,0.16480967830578946
Western MH,41 + elev + climate,SVR,N,2729,0.33355300279171074,99.13570744454327,66.74813256872724
Western MH,41 + elev + climate,SVR,P,2729,0.2587308782094917,35.74272341800157,18.6638774452703
Western MH,41 + elev + climate,SVR,K,2729,-0.0647560129305571,236.77526994387838,172.2534828132134
Western MH,41 + elev + climate,SVR,OC,2729,0.25670974703161276,0.24886382450856584,0.1796712796845879
Western MH,41 + elev + climate,KNN,N,2729,0.32242813399221515,99.95970939530237,67.75213593054372
Western MH,41 + elev + climate,KNN,P,2729,0.20198969932955946,37.08548254892756,19.56150730564655
Western MH,41 + elev + climate,KNN,K,2729,-0.07153526585792092,237.5278426129931,171.56224041084388
Western MH,41 + elev + climate,KNN,OC,2729,0.15244766065297166,0.26574543664277384,0.19570603689076288
Konkan,41 inputs,RandomForest,N,1772,0.1412336732249848,292.29884212056766,222.17540279318914
Konkan,41 inputs,RandomForest,P,1772,0.021764298254470682,28.535843483338002,15.22128138411667
Konkan,41 inputs,RandomForest,K,1772,-0.021699426124059507,366.8142405044211,240.02450830607233
Konkan,41 inputs,RandomForest,OC,1772,0.08901242906901519,0.6525330467580103,0.5023651556074824
Konkan,41 inputs,ExtraTrees,N,1772,0.13430378547619204,293.47583758087035,226.38293117162516
Konkan,41 inputs,ExtraTrees,P,1772,-0.003091328447827779,28.896097757007684,15.449121313007709
Konkan,41 inputs,ExtraTrees,K,1772,-0.030162695306874987,368.33036409644376,240.4675395778514
Konkan,41 inputs,ExtraTrees,OC,1772,0.08134515700824962,0.6552732956110684,0.5056039877951284
Konkan,41 inputs,Cubist,N,1772,0.11319107545871165,297.0329435685878,223.17288678668027
Konkan,41 inputs,Cubist,P,1772,-0.011903034195941187,29.022739846865633,15.800016729325211
Konkan,41 inputs,Cubist,K,1772,0.0028514004421985595,362.3802786935638,240.47965732185367
Konkan,41 inputs,Cubist,OC,1772,0.028651421684638412,0.6738043950948889,0.5136401642220219
Konkan,41 inputs,DecisionTree,N,1772,-0.050882013531141634,323.34531367471976,244.2734780142108
Konkan,41 inputs,DecisionTree,P,1772,-0.048454504533216536,29.542262639104447,16.838725416810366
Konkan,41 inputs,DecisionTree,K,1772,-0.16012337866725934,390.87392712763926,268.1510031282742
Konkan,41 inputs,DecisionTree,OC,1772,-0.12991401026835203,0.7267231280277912,0.5579048917488499
Konkan,41 inputs,SVR,N,1772,0.1423050299851828,292.11645602698496,223.92104991860947
Konkan,41 inputs,SVR,P,1772,0.001960460027545574,28.823242361495044,15.581112190567648
Konkan,41 inputs,SVR,K,1772,-0.04348294326460067,370.70401525203465,250.90034176365685
Konkan,41 inputs,SVR,OC,1772,0.005898081777591657,0.6816504738459875,0.5153857703317473
Konkan,41 inputs,KNN,N,1772,0.06571862067377632,304.879650676972,239.69711394382654
Konkan,41 inputs,KNN,P,1772,-0.005153769784802975,28.925788923893133,15.635958095563618
Konkan,41 inputs,KNN,K,1772,-0.058936255053035236,373.43887121495163,246.82245711343757
Konkan,41 inputs,KNN,OC,1772,0.025633942762718576,0.6748501648805024,0.5237329791777893
Konkan,41 + elev + climate,RandomForest,N,1772,0.4451713155797816,234.94653502327063,169.6936918941295
Konkan,41 + elev + climate,RandomForest,P,1772,0.035561602425927874,28.333890178679077,14.638798287998537
Konkan,41 + elev + climate,RandomForest,K,1772,0.05020244326363432,353.6715590444916,230.73053321250444
Konkan,41 + elev + climate,RandomForest,OC,1772,0.18205834163695955,0.6183116777467491,0.4637918197701073
Konkan,41 + elev + climate,ExtraTrees,N,1772,0.423556659707784,239.47925840298072,177.35161587076433
Konkan,41 + elev + climate,ExtraTrees,P,1772,0.042090852272846924,28.23781705262734,14.625701739674625
Konkan,41 + elev + climate,ExtraTrees,K,1772,0.044109683022217405,354.80411162263505,228.78204665300683
Konkan,41 + elev + climate,ExtraTrees,OC,1772,0.20953458709644457,0.6078378233600495,0.46302621941957
Konkan,41 + elev + climate,Cubist,N,1772,0.44675545209760137,234.61088778486558,168.4661705862605
Konkan,41 + elev + climate,Cubist,P,1772,0.03417068278067448,28.35431448229981,15.05035183010573
Konkan,41 + elev + climate,Cubist,K,1772,0.04036253505059839,355.4988582361158,233.70391818906708
Konkan,41 + elev + climate,Cubist,OC,1772,0.08521094361789183,0.6538931160455534,0.4919690057290824
Konkan,41 + elev + climate,DecisionTree,N,1772,0.30653997070268524,262.6638516282469,185.43029262315935
Konkan,41 + elev + climate,DecisionTree,P,1772,-0.03924901817628945,29.412285389082122,16.271623370767802
Konkan,41 + elev + climate,DecisionTree,K,1772,-0.15787399841843452,390.49480767085095,268.5160721264218
Konkan,41 + elev + climate,DecisionTree,OC,1772,-0.049320873772217055,0.700326308110933,0.5240985637371439
Konkan,41 + elev + climate,SVR,N,1772,0.3130610702337058,261.4259266599224,194.91066515067723
Konkan,41 + elev + climate,SVR,P,1772,0.048659962340574237,28.14082641009778,15.050005081241528
Konkan,41 + elev + climate,SVR,K,1772,-0.04276308638067339,370.57612630195,249.21184938207546
Konkan,41 + elev + climate,SVR,OC,1772,0.0794144424133999,0.6559615201881188,0.4977238009404017
Konkan,41 + elev + climate,KNN,N,1772,0.2681287172610195,269.84038314672966,208.5325429256113
Konkan,41 + elev + climate,KNN,P,1772,0.018204316202233284,28.587719955780894,15.137840511806608
Konkan,41 + elev + climate,KNN,K,1772,-0.004869346264260166,363.78049697696906,241.01949183158615
Konkan,41 + elev + climate,KNN,OC,1772,0.07742914197072748,0.656668450320388,0.5112797072132582
