scheme,set,target,R2,R2_within_heldout_mean,median_dist_to_train_km
blk10,knn_loc,N,0.5399200155999672,,2.6526432539967435
blk10,knn_loc,P,0.29720626777879944,,2.6526432539967435
blk10,knn_loc,K,0.35050464043928997,,2.6526432539967435
blk10,knn_loc,OC,0.3694388208951661,,2.6526432539967435
blk10,knn+onsite,N,0.5412258154558212,,2.6526432539967435
blk10,knn+onsite,P,0.2959913393555269,,2.6526432539967435
blk10,knn+onsite,K,0.35220927501997523,,2.6526432539967435
blk10,knn+onsite,OC,0.37494102301248655,,2.6526432539967435
blk10,knn+onsite+causal,N,0.5486606946082637,,2.6526432539967435
blk10,knn+onsite+causal,P,0.306610259198841,,2.6526432539967435
blk10,knn+onsite+causal,K,0.36139619194672523,,2.6526432539967435
blk10,knn+onsite+causal,OC,0.3909175031626394,,2.6526432539967435
