m,draw,set,correction,target,R2,R2_within_state_mean,spearman_within_state_mean,n_test
0,0,causal,offset,N,-0.24495243902206587,-0.8546166229038757,-0.012692441142159503,1328758
0,0,causal,offset,P,-0.17644439668568657,-0.40348490935075815,0.029291554544364364,1328758
0,0,causal,offset,K,-0.03434472231992847,-0.23478070989042762,0.08277456642498864,1328758
0,0,causal,offset,OC,0.002538950759733205,-0.5532182518242539,0.07745033692756709,1328758
0,0,onsite+causal,offset,N,-0.19217919067019085,-0.8650755639264012,0.0038736537464924784,1328758
0,0,onsite+causal,offset,P,-0.15063104809919703,-0.3960203202218578,0.05643428836708948,1328758
0,0,onsite+causal,offset,K,-0.023861336023062618,-0.22883827695705533,0.07523772531108366,1328758
0,0,onsite+causal,offset,OC,-0.0010625619379993623,-0.561046823950084,0.0709036895810744,1328758
0,0,knn+onsite+causal,offset,N,-0.2379436766927343,-1.2975635573257935,0.01964029946497858,1328758
0,0,knn+onsite+causal,offset,P,-0.20171245324974896,-0.5430121706781643,0.009109671560988934,1328758
0,0,knn+onsite+causal,offset,K,-0.11060016079469182,-0.41399133700480206,0.07793461234176126,1328758
0,0,knn+onsite+causal,offset,OC,-0.11501163785283941,-0.7986386727344859,0.06981099655361699,1328758
10,0,causal,offset,N,0.11636741379716009,-0.34956135431848107,-0.012762089450612302,1328538
10,0,causal,offset,P,-0.059817597648518905,-0.18554766897916017,0.029391303482158862,1328538
10,0,causal,offset,K,0.08479187580335412,-0.13470244374718,0.08274073196389649,1328538
10,0,causal,offset,OC,0.011111076529719988,-0.1721176221986245,0.07757116710249279,1328538
10,0,onsite+causal,offset,N,0.09688382416224905,-0.33958258525277335,0.0038247443152303814,1328538
10,0,onsite+causal,offset,P,-0.03089196582639242,-0.18760028986103638,0.05654781605163024,1328538
10,0,onsite+causal,offset,K,0.07663214681128949,-0.14357045649865396,0.07527328176168406,1328538
10,0,onsite+causal,offset,OC,-0.011223415395802183,-0.18575123818596395,0.07093055503348196,1328538
10,0,knn+onsite+causal,offset,N,-0.20838917277068703,-1.1242576819217645,0.01954511054018756,1328538
10,0,knn+onsite+causal,offset,P,-0.130830700841442,-0.39145841053529523,0.009174177003388989,1328538
10,0,knn+onsite+causal,offset,K,-0.004491201314559046,-0.2954758194392846,0.07782009062724216,1328538
10,0,knn+onsite+causal,offset,OC,-0.08452607663462408,-0.3333893690166648,0.06979055753642407,1328538
10,0,local_only,offset,N,0.28830905586805844,-0.03591934762688357,0.20441257722019068,1328538
10,0,local_only,offset,P,0.06845958625705229,-0.07194063706215413,0.12127849658021907,1328538
10,0,local_only,offset,K,0.1488225068880744,-0.047560262810590045,0.15922262907203968,1328538
10,0,local_only,offset,OC,0.07742498512772722,-0.04618657599229447,0.14151956525839096,1328538
10,1,causal,offset,N,0.10765737994148672,-0.3848409060155871,-0.012763602496569952,1328538
10,1,causal,offset,P,-0.0013993857750924654,-0.15975319635410706,0.029204672573421856,1328538
10,1,causal,offset,K,0.10033717224041505,-0.16081950695934127,0.08284144935848742,1328538
10,1,causal,offset,OC,0.03884949674055449,-0.13973572605070245,0.07748155901123109,1328538
10,1,onsite+causal,offset,N,0.09669629593063966,-0.36288983721446877,0.00386663794563711,1328538
10,1,onsite+causal,offset,P,0.014756367845614404,-0.16471760036401234,0.05627989761711485,1328538
10,1,onsite+causal,offset,K,0.1118481670984347,-0.1531048729015117,0.07522679391624856,1328538
10,1,onsite+causal,offset,OC,0.03635197647196331,-0.13187216041404798,0.07093836203514398,1328538
10,1,knn+onsite+causal,offset,N,-0.09485119393444696,-0.737520208679119,0.019603182848903035,1328538
10,1,knn+onsite+causal,offset,P,-0.12074340273396467,-0.3846144679701999,0.009063107687184107,1328538
10,1,knn+onsite+causal,offset,K,0.033480412057142694,-0.3289569132801463,0.07781548935666953,1328538
10,1,knn+onsite+causal,offset,OC,-0.03606301402939582,-0.289287647132235,0.06978205319454334,1328538
10,1,local_only,offset,N,0.2411568881249181,-0.10132602175561987,0.22588410619917962,1328538
10,1,local_only,offset,P,0.056726832646431524,-0.04648043252398668,0.12111761049231108,1328538
10,1,local_only,offset,K,0.17095882834710274,-0.07987051384699524,0.16712711704283117,1328538
10,1,local_only,offset,OC,-0.010276262070168851,-0.03753274425089774,0.1799115058921944,1328538
10,2,causal,offset,N,0.09306750967441568,-0.40411862600504306,-0.012718570288322744,1328538
10,2,causal,offset,P,0.00743862302527698,-0.1815836240802139,0.029290700697254004,1328538
10,2,causal,offset,K,0.052404462891871284,-0.19464929273026146,0.08282473141146207,1328538
10,2,causal,offset,OC,0.02993674124811163,-0.18129058201396922,0.07744829122682534,1328538
10,2,onsite+causal,offset,N,0.09873730792860025,-0.4048262676492658,0.0038590628177894563,1328538
10,2,onsite+causal,offset,P,0.01791022630820327,-0.1792863446386323,0.05638949868234981,1328538
10,2,onsite+causal,offset,K,0.03908398478842967,-0.19570862069347175,0.07533219298987598,1328538
10,2,onsite+causal,offset,OC,0.03270241077072966,-0.18965001295587375,0.07081646453000094,1328538
10,2,knn+onsite+causal,offset,N,-0.06271970904103763,-0.7982942925811731,0.019585842143846302,1328538
10,2,knn+onsite+causal,offset,P,-0.09350077693955994,-0.5209313873916069,0.009149544350816625,1328538
10,2,knn+onsite+causal,offset,K,-0.0014810864366756604,-0.3179387207748631,0.07791606148101468,1328538
10,2,knn+onsite+causal,offset,OC,-0.045552923863527495,-0.3456062727154254,0.0698520383927136,1328538
10,2,local_only,offset,N,0.2515043262298038,-0.13394687218917475,0.1421925782473536,1328538
10,2,local_only,offset,P,0.04408095311075122,-0.06997635861631334,0.14984792948823616,1328538
10,2,local_only,offset,K,0.0778713231948418,-0.1067639011142243,0.111364743444818,1328538
10,2,local_only,offset,OC,0.07022678607806254,-0.07178089669586477,0.14453071898203265,1328538
20,0,causal,offset,N,0.1357416848912283,-0.3123459394161971,-0.01263162057176867,1328318
20,0,causal,offset,P,-0.0039046148451087337,-0.15696863434797603,0.029312795214697915,1328318
20,0,causal,offset,K,0.03711752549664493,-0.14071706773750364,0.08274384057649646,1328318
20,0,causal,offset,OC,0.08600533089788898,-0.13106855185897234,0.07753738632790069,1328318
20,0,onsite+causal,offset,N,0.13033828823738414,-0.30295125119877914,0.004042153367336571,1328318
20,0,onsite+causal,offset,P,0.004499077526636142,-0.17271748670090983,0.05636354765945616,1328318
20,0,onsite+causal,offset,K,0.03198942451111575,-0.14471682254041224,0.0751603167377002,1328318
20,0,onsite+causal,offset,OC,0.07600102317094082,-0.1355815284063743,0.0710400534412147,1328318
20,0,knn+onsite+causal,offset,N,-0.10751197640251475,-0.8234777125301439,0.019652155458254262,1328318
20,0,knn+onsite+causal,offset,P,-0.07838162418466332,-0.4856662359144051,0.009224545473192708,1328318
20,0,knn+onsite+causal,offset,K,-0.011396506272546514,-0.27536236421432236,0.07798312416773057,1328318
20,0,knn+onsite+causal,offset,OC,-0.001215108319080338,-0.3026770951445465,0.06981145165637573,1328318
20,0,local_only,offset,N,0.34906499275881586,0.02064874798045514,0.26491508505995504,1328318
20,0,local_only,offset,P,0.08780604117567581,-0.0331938726859421,0.23043432373091652,1328318
20,0,local_only,offset,K,0.12239466055466564,-0.028752835298486115,0.23493113469891735,1328318
20,0,local_only,offset,OC,0.16204386851995456,0.024565374329914492,0.264716825824854,1328318
20,1,causal,offset,N,0.08378758614625648,-0.36633231785082715,-0.012671809316514841,1328318
20,1,causal,offset,P,-0.001605447304247276,-0.1751602686372361,0.029401195139735804,1328318
20,1,causal,offset,K,0.13083008049974876,-0.11530665456701791,0.08269703615529375,1328318
20,1,causal,offset,OC,0.04824861011754655,-0.15663199867494892,0.07746984889922735,1328318
20,1,onsite+causal,offset,N,0.10871880734511452,-0.3243710095238492,0.0037017873179559357,1328318
20,1,onsite+causal,offset,P,0.008970350381486414,-0.1823061917759705,0.056670853046455846,1328318
20,1,onsite+causal,offset,K,0.1293854953300645,-0.10957638092198133,0.0753196324115793,1328318
20,1,onsite+causal,offset,OC,0.03638069047549175,-0.16621288643777116,0.0708129168189758,1328318
20,1,knn+onsite+causal,offset,N,-0.14723962862047624,-0.9150279826510702,0.01960712091661234,1328318
20,1,knn+onsite+causal,offset,P,-0.07910849830147737,-0.3606114462384355,0.009348409650828997,1328318
20,1,knn+onsite+causal,offset,K,0.05145713754259351,-0.2670420989288234,0.07801912593466212,1328318
20,1,knn+onsite+causal,offset,OC,-0.034044833880426895,-0.296031239014728,0.06975291375228149,1328318
20,1,local_only,offset,N,0.31391459702056423,-0.024627836073897867,0.24942533004092612,1328318
20,1,local_only,offset,P,0.08282081630252969,-0.03631589895839074,0.23550737459872498,1328318
20,1,local_only,offset,K,0.2099703830670745,-0.0014194199761303457,0.212280007708271,1328318
20,1,local_only,offset,OC,0.12505657680026994,0.015389980517202508,0.24314482461455045,1328318
20,2,causal,offset,N,0.11222142547106495,-0.35986596936091275,-0.012608555883993953,1328318
20,2,causal,offset,P,0.005541264211101904,-0.15897339414959522,0.029261027893779722,1328318
20,2,causal,offset,K,0.12283842285556779,-0.1602882761190613,0.0828155086080085,1328318
20,2,causal,offset,OC,0.07770606300095029,-0.1391584416448271,0.07742180892442814,1328318
20,2,onsite+causal,offset,N,0.12482499231982336,-0.31864634600157987,0.0038812721720855453,1328318
20,2,onsite+causal,offset,P,0.006751095631699289,-0.17942974779060564,0.05633617503250967,1328318
20,2,onsite+causal,offset,K,0.11432630454129433,-0.1695826425058883,0.07529041685985062,1328318
20,2,onsite+causal,offset,OC,0.07093259721365208,-0.14224124632963228,0.07078687001857828,1328318
20,2,knn+onsite+causal,offset,N,-0.06508190101676714,-0.8125385402078571,0.01956934665660753,1328318
20,2,knn+onsite+causal,offset,P,-0.08150792515613858,-0.4459122564161847,0.00913844252917615,1328318
20,2,knn+onsite+causal,offset,K,0.03693733727007087,-0.29619032349401836,0.07777787153218431,1328318
20,2,knn+onsite+causal,offset,OC,-0.009756633306658324,-0.2779363137487834,0.06988706953530094,1328318
20,2,local_only,offset,N,0.3009721053618095,-0.02085650442710513,0.23569090989940464,1328318
20,2,local_only,offset,P,0.0983421516125339,-0.042588105800617976,0.2036748338235694,1328318
20,2,local_only,offset,K,0.15388380569419613,-0.07410747271870544,0.22088721721472046,1328318
20,2,local_only,offset,OC,0.17362141351218996,0.02856445460474022,0.264929232054811,1328318
50,0,causal,offset,N,0.1577362034286549,-0.28298646442441316,-0.012818371121704175,1327658
50,0,causal,linear,N,0.2994473393917153,-0.05597836408458497,0.08910553366314485,1327658
50,0,causal,offset,P,0.021715851323360402,-0.15102686781248512,0.02913074911169167,1327658
50,0,causal,linear,P,0.0642426309244506,-0.07480695849465156,0.04079296684473715,1327658
50,0,causal,offset,K,0.134158227741902,-0.1293198263589259,0.08249688342741218,1327658
50,0,causal,linear,K,0.14935244119715185,-0.08658618406440505,0.07773782251179306,1327658
50,0,causal,offset,OC,0.08594214531457867,-0.10909721061853346,0.07760847300033824,1327658
50,0,causal,linear,OC,0.08537672800515439,-0.03149513567901329,0.05940185572123075,1327658
50,0,onsite+causal,offset,N,0.16599646070305862,-0.2551389183690838,0.003860058912567517,1327658
50,0,onsite+causal,linear,N,0.3136196425335308,-0.04115542725622322,0.10748461934462857,1327658
50,0,onsite+causal,offset,P,0.02783810864151126,-0.17198892931483403,0.056319135241685324,1327658
50,0,onsite+causal,linear,P,0.05977509030434125,-0.07751018401776334,0.043972831814935505,1327658
50,0,onsite+causal,offset,K,0.12362399490592102,-0.13506905362151655,0.07508134260288217,1327658
50,0,onsite+causal,linear,K,0.15107244406084885,-0.08485991223438,0.06788873873901216,1327658
50,0,onsite+causal,offset,OC,0.08184270082506473,-0.10873425863233982,0.07080861557840151,1327658
50,0,onsite+causal,linear,OC,0.09503742579629026,-0.031865517136677,0.04740836537577204,1327658
50,0,knn+onsite+causal,offset,N,-0.027326992781332216,-0.7070832034289573,0.01963794309963017,1327658
50,0,knn+onsite+causal,linear,N,0.30368307336841793,-0.05351944566485229,0.08368184401481822,1327658
50,0,knn+onsite+causal,offset,P,-0.04068425693855282,-0.3952388750163447,0.008743872425337253,1327658
50,0,knn+onsite+causal,linear,P,0.06603788607066341,-0.07964152552759783,0.07174164067440793,1327658
50,0,knn+onsite+causal,offset,K,0.05548178982940111,-0.2459450774401095,0.07758539880798405,1327658
50,0,knn+onsite+causal,linear,K,0.13558287649544987,-0.09862423435663023,0.05572497195238375,1327658
50,0,knn+onsite+causal,offset,OC,0.012889840387638185,-0.24263897646186072,0.06967752158431467,1327658
50,0,knn+onsite+causal,linear,OC,0.12394974487940624,-0.018660168381166686,0.08671132247952049,1327658
50,0,local_only,offset,N,0.3796817701373707,0.0950160438054952,0.3348330563617959,1327658
50,0,local_only,offset,P,0.13640986855349513,0.011799790080595063,0.2980013576827211,1327658
50,0,local_only,offset,K,0.19431403629958433,-0.006093296730049138,0.2698718818930957,1327658
50,0,local_only,offset,OC,0.16371507744699199,0.06902520972886449,0.2880220047967588,1327658
50,1,causal,offset,N,0.1640182871799286,-0.27744093891996,-0.013021383209476834,1327658
50,1,causal,linear,N,0.31195048569652906,-0.06565362784421681,0.06871846919499167,1327658
50,1,causal,offset,P,0.004316595444626814,-0.1478064045148223,0.029382877589949726,1327658
50,1,causal,linear,P,0.049832701773889765,-0.0707065918532061,0.036233119118940386,1327658
50,1,causal,offset,K,0.0994662136757446,-0.12073055680375377,0.08257931808296713,1327658
50,1,causal,linear,K,0.10174435463173848,-0.0718560778243596,0.06460899354653019,1327658
50,1,causal,offset,OC,0.09499905183738033,-0.10558038507607868,0.07743169936107765,1327658
50,1,causal,linear,OC,0.14781358986416537,-0.006591040958819198,0.07920467646198923,1327658
50,1,onsite+causal,offset,N,0.16899831642484986,-0.25007075725618877,0.0036937393954801514,1327658
50,1,onsite+causal,linear,N,0.31918213207865065,-0.04426449281926262,0.12115423748073213,1327658
50,1,onsite+causal,offset,P,0.011733639223741377,-0.1608192799701447,0.05655886442028524,1327658
50,1,onsite+causal,linear,P,0.053763858821976984,-0.06701647010768765,0.05239083577590122,1327658
50,1,onsite+causal,offset,K,0.09646677121980718,-0.11930387383244706,0.07512508991250372,1327658
50,1,onsite+causal,linear,K,0.11712012078775536,-0.06719842305379005,0.07296021692707438,1327658
50,1,onsite+causal,offset,OC,0.09284498816536346,-0.10465819360845696,0.07092610956339719,1327658
50,1,onsite+causal,linear,OC,0.12403743074147422,-0.025437598345274638,0.043210221058549624,1327658
50,1,knn+onsite+causal,offset,N,-0.05363933159924583,-0.7165430336942935,0.019659907633722253,1327658
50,1,knn+onsite+causal,linear,N,0.3113944468905351,-0.05340999534395252,0.10785424980005032,1327658
50,1,knn+onsite+causal,offset,P,-0.04613257581581909,-0.3341020295582512,0.009367640155388173,1327658
50,1,knn+onsite+causal,linear,P,0.04623315993498989,-0.07198240212175275,0.05232997614288859,1327658
50,1,knn+onsite+causal,offset,K,0.053438831327651704,-0.25525848791163713,0.07769461043738464,1327658
50,1,knn+onsite+causal,linear,K,0.11365036706551301,-0.06596910155365396,0.08177999502338763,1327658
50,1,knn+onsite+causal,offset,OC,0.011372471643277038,-0.24918309572335987,0.06990915492952582,1327658
50,1,knn+onsite+causal,linear,OC,0.12426950047173757,-0.018173222112350118,0.09233761680892312,1327658
50,1,local_only,offset,N,0.3859618212051288,0.07700671702476793,0.3329120338528051,1327658
50,1,local_only,offset,P,0.1086743062167349,0.015445186072924277,0.27958891480124476,1327658
50,1,local_only,offset,K,0.19215479543249958,0.008888368809357883,0.2837980055842062,1327658
50,1,local_only,offset,OC,0.21941613677394523,0.08452412336252078,0.3007722074542301,1327658
50,2,causal,offset,N,0.16452522771283673,-0.2861216276700506,-0.012664191558375355,1327658
50,2,causal,linear,N,0.328598165988789,-0.035299088795392744,0.07693948869507915,1327658
50,2,causal,offset,P,0.012775632248813396,-0.14712130680356983,0.029479253453041532,1327658
50,2,causal,linear,P,0.06244969505320952,-0.07145535584162531,0.043862179366101275,1327658
50,2,causal,offset,K,0.13513307580953693,-0.10805334922304458,0.08293742149783605,1327658
50,2,causal,linear,K,0.1459727595135234,-0.05357745298659655,0.05060320028458388,1327658
50,2,causal,offset,OC,0.08740218652043963,-0.11615527735545478,0.0775287177499723,1327658
50,2,causal,linear,OC,0.1417875563833294,-0.0193054044216598,0.0855376047031827,1327658
50,2,onsite+causal,offset,N,0.16891854394253725,-0.2568556728041242,0.003773144928585963,1327658
50,2,onsite+causal,linear,N,0.33284687107920896,-0.0323702334729076,0.09690657669854294,1327658
50,2,onsite+causal,offset,P,0.022907144971989313,-0.1583714923100103,0.05643523113218067,1327658
50,2,onsite+causal,linear,P,0.0635493110290738,-0.0705084274687028,0.03785236680185884,1327658
50,2,onsite+causal,offset,K,0.1222312721963974,-0.11045490100747274,0.07500974396756782,1327658
50,2,onsite+causal,linear,K,0.14230634894050254,-0.048948466736085244,0.0657221055905068,1327658
50,2,onsite+causal,offset,OC,0.0860048325887417,-0.11789797893896094,0.07115568473685624,1327658
50,2,onsite+causal,linear,OC,0.13878555745313947,-0.03889809829157095,0.052062438569080945,1327658
50,2,knn+onsite+causal,offset,N,-0.10252872236764476,-0.8211779997699439,0.019584475946749655,1327658
50,2,knn+onsite+causal,linear,N,0.3255344431615461,-0.03851377093259717,0.09942995429797526,1327658
50,2,knn+onsite+causal,offset,P,-0.05164095186239459,-0.31687122229262904,0.00906069884842935,1327658
50,2,knn+onsite+causal,linear,P,0.05823098442527963,-0.0759978457222149,0.05596450072630321,1327658
50,2,knn+onsite+causal,offset,K,0.05420991456445601,-0.27158110503357263,0.07782141080146011,1327658
50,2,knn+onsite+causal,linear,K,0.16116352572557469,-0.050829466978986965,0.08531097487414128,1327658
50,2,knn+onsite+causal,offset,OC,-0.002184952103723603,-0.2676266710905789,0.06983099378846055,1327658
50,2,knn+onsite+causal,linear,OC,0.1346204447321887,-0.02246425352093522,0.076072562064776,1327658
50,2,local_only,offset,N,0.41342220375351213,0.11502916775417478,0.3351648173792074,1327658
50,2,local_only,offset,P,0.12194415602638398,-0.009681660526639884,0.26082394665081093,1327658
50,2,local_only,offset,K,0.2032547085956491,0.015813959007125733,0.2840699917739594,1327658
50,2,local_only,offset,OC,0.21725982580458247,0.07646758420424775,0.31739356092571636,1327658
100,0,causal,offset,N,0.1528024966091287,-0.2814991921046905,-0.012667511380377054,1326558
100,0,causal,linear,N,0.3136017942610583,-0.030054277778269897,0.10481469113865241,1326558
100,0,causal,offset,P,0.02060531730732551,-0.14320070617889968,0.029100967918958352,1326558
100,0,causal,linear,P,0.05970035346193048,-0.057475005126961416,0.058519723229457754,1326558
100,0,causal,offset,K,0.07228681459230846,-0.12027439832901997,0.08281143892009536,1326558
100,0,causal,linear,K,0.08733556492447325,-0.06317806975065901,0.0817994569977273,1326558
100,0,causal,offset,OC,0.09682541725887117,-0.09930819126764555,0.07710968612642091,1326558
100,0,causal,linear,OC,0.15361290354325474,-0.0004962872796349054,0.06376212849735902,1326558
100,0,onsite+causal,offset,N,0.15756041154583722,-0.2575300564285858,0.003896644828618609,1326558
100,0,onsite+causal,linear,N,0.3246102114981927,-0.020099316417565474,0.127821875192026,1326558
100,0,onsite+causal,offset,P,0.02398227386352425,-0.16597689920280798,0.05626541012810795,1326558
100,0,onsite+causal,linear,P,0.057517968861580004,-0.05996836384944484,0.06240717600764988,1326558
100,0,onsite+causal,offset,K,0.06498060392570504,-0.12241487023616825,0.07504322170371247,1326558
100,0,onsite+causal,linear,K,0.08298587569912363,-0.06320834685379953,0.08994833923611606,1326558
100,0,onsite+causal,offset,OC,0.09098176062093632,-0.09978751280254525,0.07087135093251319,1326558
100,0,onsite+causal,linear,OC,0.15572762767884518,-0.005119911450471592,0.0592810295940551,1326558
100,0,knn+onsite+causal,offset,N,-0.07681237883567116,-0.7727685332558892,0.019370862210033705,1326558
100,0,knn+onsite+causal,linear,N,0.3115444465444952,-0.033878160637789284,0.08709393051946353,1326558
100,0,knn+onsite+causal,offset,P,-0.04388972667754998,-0.4038470381855594,0.00913116892297262,1326558
100,0,knn+onsite+causal,linear,P,0.06350687998913995,-0.061049460827044294,0.07087482885170672,1326558
100,0,knn+onsite+causal,offset,K,0.02626429099273364,-0.24952609163679895,0.07796982093803737,1326558
100,0,knn+onsite+causal,linear,K,0.08296540075798708,-0.06138079048222163,0.10471756728557778,1326558
100,0,knn+onsite+causal,offset,OC,0.016589988723235805,-0.24531906344055515,0.06990161207793943,1326558
100,0,knn+onsite+causal,linear,OC,0.14775461847929416,-0.003875807570581288,0.09684418128665988,1326558
100,0,local_only,offset,N,0.4058738203345824,0.14319163083648823,0.38798002296998,1326558
100,0,local_only,offset,P,0.13568610333821318,0.036997761392343405,0.33277182912818726,1326558
100,0,local_only,offset,K,0.18602139998703238,0.0411003119605271,0.3276554089245794,1326558
100,0,local_only,offset,OC,0.24046542109519387,0.12975247688605923,0.3475981711419885,1326558
100,1,causal,offset,N,0.1485904442396574,-0.27668497967859,-0.012522367710685727,1326558
100,1,causal,linear,N,0.2897107070349536,-0.04742348797928911,0.09357541896780686,1326558
100,1,causal,offset,P,0.027724749371220048,-0.13837326567277286,0.028999937293836407,1326558
100,1,causal,linear,P,0.06994717489075442,-0.05743848892521777,0.04341401356495885,1326558
100,1,causal,offset,K,0.1329918984293318,-0.1110088260484911,0.08350765609171745,1326558
100,1,causal,linear,K,0.14668018708312902,-0.0602013712789234,0.08265924971823584,1326558
100,1,causal,offset,OC,0.09614404022088652,-0.1117361032134383,0.07808419255227622,1326558
100,1,causal,linear,OC,0.15564874156867403,-0.008595549921603551,0.08009447967922756,1326558
100,1,onsite+causal,offset,N,0.15545838921672506,-0.24846384218109369,0.003967421555697719,1326558
100,1,onsite+causal,linear,N,0.30590915555386944,-0.03027079881218312,0.11069366877528855,1326558
100,1,onsite+causal,offset,P,0.03561714594643706,-0.15341867247870056,0.056089172047764896,1326558
100,1,onsite+causal,linear,P,0.07034968230809013,-0.056754428333080725,0.05490172397817876,1326558
100,1,onsite+causal,offset,K,0.12514435734453577,-0.11057548467537667,0.07556790978491136,1326558
100,1,onsite+causal,linear,K,0.14405204672011063,-0.0560586338480251,0.08779704520174002,1326558
100,1,onsite+causal,offset,OC,0.09471295545757341,-0.10965371455869764,0.07164379895268339,1326558
100,1,onsite+causal,linear,OC,0.1564753044546625,-0.012614058899378056,0.06764501282607845,1326558
100,1,knn+onsite+causal,offset,N,-0.05150335764656511,-0.754404309584189,0.01937748422384259,1326558
100,1,knn+onsite+causal,linear,N,0.29158438413308907,-0.03876936547644533,0.11128185292406068,1326558
100,1,knn+onsite+causal,offset,P,-0.037164343541475464,-0.3435019250672147,0.00855839915612666,1326558
100,1,knn+onsite+causal,linear,P,0.06821399594379485,-0.06229699394562345,0.05959298257609795,1326558
100,1,knn+onsite+causal,offset,K,0.06526689448925649,-0.25455221519807275,0.07809592903821896,1326558
100,1,knn+onsite+causal,linear,K,0.14346361461973212,-0.05611174619189259,0.0962889371655749,1326558
100,1,knn+onsite+causal,offset,OC,0.020795495220425897,-0.25153947179090663,0.07016117065657504,1326558
100,1,knn+onsite+causal,linear,OC,0.14292491241937333,-0.011121198287754193,0.0966020876135989,1326558
100,1,local_only,offset,N,0.3852602503802478,0.12854867599113629,0.3868414473103165,1326558
100,1,local_only,offset,P,0.15002114249592857,0.03341789418616715,0.34074654479713345,1326558
100,1,local_only,offset,K,0.2341668096561943,0.054894701512794256,0.3249887407932377,1326558
100,1,local_only,offset,OC,0.23044248010448176,0.11838221645352137,0.34584258517926636,1326558
100,2,causal,offset,N,0.15995123064352146,-0.27315698842351854,-0.012584066960912856,1326558
100,2,causal,linear,N,0.3103359618730481,-0.04330495327415796,0.0767849630353885,1326558
100,2,causal,offset,P,0.021276389984613897,-0.1347686468067305,0.02987391766483338,1326558
100,2,causal,linear,P,0.059950682530073185,-0.059137359210516334,0.05547869003139904,1326558
100,2,causal,offset,K,0.1329704193786193,-0.09786130317423446,0.08257552940349693,1326558
100,2,causal,linear,K,0.15392814299371815,-0.0450816855177201,0.07667212415797932,1326558
100,2,causal,offset,OC,0.09589298742314145,-0.10075183200033541,0.07768606291364231,1326558
100,2,causal,linear,OC,0.14094834426730596,-0.008815416271683085,0.08640868326912522,1326558
100,2,onsite+causal,offset,N,0.16599524839150004,-0.2519181672431338,0.004359329097904701,1326558
100,2,onsite+causal,linear,N,0.3211345123964252,-0.03367399423134008,0.1069524913863933,1326558
100,2,onsite+causal,offset,P,0.02429114866097437,-0.15182850238980397,0.05692114863132567,1326558
100,2,onsite+causal,linear,P,0.05557905203672675,-0.06280203247486355,0.047449373297863556,1326558
100,2,onsite+causal,offset,K,0.12511317820970924,-0.09967407774830055,0.07506566549729077,1326558
100,2,onsite+causal,linear,K,0.15140072903815294,-0.040092721392975726,0.07849844997495287,1326558
100,2,onsite+causal,offset,OC,0.09143087955528983,-0.10169449152777764,0.0707854271390998,1326558
100,2,onsite+causal,linear,OC,0.15294630423655953,-0.00615316025283923,0.05812903541298647,1326558
100,2,knn+onsite+causal,offset,N,-0.053858859618661326,-0.761536170655384,0.019826921030392644,1326558
100,2,knn+onsite+causal,linear,N,0.31622853308217747,-0.03465941283577061,0.1231904218187851,1326558
100,2,knn+onsite+causal,offset,P,-0.04032874847840229,-0.34146574831612286,0.009524573104910007,1326558
100,2,knn+onsite+causal,linear,P,0.06372240902497994,-0.055662768836238614,0.06872027433663164,1326558
100,2,knn+onsite+causal,offset,K,0.06729223376655191,-0.2524903398937566,0.07800058502482246,1326558
100,2,knn+onsite+causal,linear,K,0.15070142509053674,-0.04094914011821999,0.0906192544895389,1326558
100,2,knn+onsite+causal,offset,OC,0.015847203846545477,-0.2415726086190192,0.06968317205963583,1326558
100,2,knn+onsite+causal,linear,OC,0.14664143399481466,-0.0036330279113629305,0.07373373863476745,1326558
100,2,local_only,offset,N,0.4076928396427494,0.12793459271871785,0.3797244402029699,1326558
100,2,local_only,offset,P,0.15103680601430303,0.05356911210958959,0.3480835344220432,1326558
100,2,local_only,offset,K,0.25082160294858846,0.07320761431630357,0.3352920360878558,1326558
100,2,local_only,offset,OC,0.2208136998712651,0.12458346457367177,0.350533918759428,1326558
200,0,causal,offset,N,0.1547413476426065,-0.26784462506196494,-0.012591503667670345,1324358
200,0,causal,linear,N,0.3083096671541362,-0.027397402793622263,0.10299988115486335,1324358
200,0,causal,offset,P,0.026249672053224815,-0.13879258669992722,0.0286917426739972,1324358
200,0,causal,linear,P,0.0749965266727004,-0.04994022491941957,0.0758416404253185,1324358
200,0,causal,offset,K,0.1255945384260666,-0.10347909160849297,0.08234825827349251,1324358
200,0,causal,linear,K,0.14619490970293014,-0.04690592769230037,0.08406223642201603,1324358
200,0,causal,offset,OC,0.10193334247220132,-0.09601605833333075,0.07761249870001118,1324358
200,0,causal,linear,OC,0.1590668948255456,0.00514392903437563,0.09051349354397126,1324358
200,0,onsite+causal,offset,N,0.16443336141906506,-0.23983101602118548,0.003546198029723505,1324358
200,0,onsite+causal,linear,N,0.31916558969926356,-0.01750352539588115,0.10412191883765393,1324358
200,0,onsite+causal,offset,P,0.03383842464529552,-0.15349199496814478,0.05543945089114036,1324358
200,0,onsite+causal,linear,P,0.07200550566562913,-0.04964289066357361,0.055534826212254466,1324358
200,0,onsite+causal,offset,K,0.11402387355490196,-0.1063411721316752,0.07567300206660482,1324358
200,0,onsite+causal,linear,K,0.1406112525762634,-0.04477513972176455,0.09457907484881346,1324358
200,0,onsite+causal,offset,OC,0.1000230251391695,-0.0955325190152385,0.07168925502678947,1324358
200,0,onsite+causal,linear,OC,0.1610652798753447,0.0019480404470093684,0.062134581086553314,1324358
200,0,knn+onsite+causal,offset,N,-0.051005376513349354,-0.7446238900742647,0.019904747129357265,1324358
200,0,knn+onsite+causal,linear,N,0.31204645528645103,-0.02504713979101593,0.10906409562912066,1324358
200,0,knn+onsite+causal,offset,P,-0.04235956340435365,-0.38214246592831014,0.009268233123476834,1324358
200,0,knn+onsite+causal,linear,P,0.07385702070057254,-0.05331384657746881,0.08235903451633088,1324358
200,0,knn+onsite+causal,offset,K,0.061880302224968875,-0.24929325666652044,0.07797070546895463,1324358
200,0,knn+onsite+causal,linear,K,0.1366591244763644,-0.044258161071092844,0.11021176020942601,1324358
200,0,knn+onsite+causal,offset,OC,0.024945303673377772,-0.23523454703893157,0.06950136125730291,1324358
200,0,knn+onsite+causal,linear,OC,0.15320467060567455,0.0059051347258736175,0.11337608229667237,1324358
200,0,local_only,offset,N,0.44943115128664934,0.19533435454560194,0.43618945547906146,1324358
200,0,local_only,offset,P,0.18634917255425787,0.08052114561329038,0.39302734371571957,1324358
200,0,local_only,offset,K,0.25640342478768086,0.10582010914489139,0.39647434287641786,1324358
200,0,local_only,offset,OC,0.26553911828584564,0.16268553196823612,0.3869167547966439,1324358
200,1,causal,offset,N,0.1658210953494632,-0.2665781765183729,-0.013177574043974204,1324358
200,1,causal,linear,N,0.3178550872753432,-0.025296551381027564,0.09166096201599708,1324358
200,1,causal,offset,P,0.030035500060014653,-0.13460691120021034,0.029642046191739144,1324358
200,1,causal,linear,P,0.08351100061117311,-0.04560421809670176,0.0792698633376729,1324358
200,1,causal,offset,K,0.12567567723092488,-0.0995938162469787,0.08305867406144592,1324358
200,1,causal,linear,K,0.14645984148795488,-0.0435733465238557,0.09311890693145815,1324358
200,1,causal,offset,OC,0.09890870892374637,-0.09845077867013713,0.07715177318386592,1324358
200,1,causal,linear,OC,0.15555239304484447,0.0021425981648763304,0.09220151047370727,1324358
200,1,onsite+causal,offset,N,0.17330057573268343,-0.23988645432129815,0.004248861821137251,1324358
200,1,onsite+causal,linear,N,0.3312811389765419,-0.01463951557710958,0.1157617708882886,1324358
200,1,onsite+causal,offset,P,0.03649001889087389,-0.1482013811853574,0.056787382170533245,1324358
200,1,onsite+causal,linear,P,0.08179917196655084,-0.04690010600195183,0.0741788052258261,1324358
200,1,onsite+causal,offset,K,0.11799394849612022,-0.10200963487408243,0.07582031111402789,1324358
200,1,onsite+causal,linear,K,0.145247003628883,-0.0413192949910619,0.1004177824384151,1324358
200,1,onsite+causal,offset,OC,0.09550755872913053,-0.0984409440987901,0.0711357308250507,1324358
200,1,onsite+causal,linear,OC,0.15932391924353206,0.000474245513208788,0.07689065164003392,1324358
200,1,knn+onsite+causal,offset,N,-0.03582851189558767,-0.7733173245812321,0.01960780525423923,1324358
200,1,knn+onsite+causal,linear,N,0.3218535561427325,-0.02387100225789055,0.1111504623026495,1324358
200,1,knn+onsite+causal,offset,P,-0.04127971619009796,-0.36845921038620005,0.009070086477568401,1324358
200,1,knn+onsite+causal,linear,P,0.07926907790557003,-0.05056919724626025,0.06825260233143285,1324358
200,1,knn+onsite+causal,offset,K,0.062424514856456725,-0.23184566023082284,0.07827198975886808,1324358
200,1,knn+onsite+causal,linear,K,0.13624843816391596,-0.04580825931749913,0.10978861223926821,1324358
200,1,knn+onsite+causal,offset,OC,0.02181528899825469,-0.23569333539914042,0.06956560880339017,1324358
200,1,knn+onsite+causal,linear,OC,0.1464677198474288,-0.0017207355603571681,0.09021650171122897,1324358
200,1,local_only,offset,N,0.4512689935991345,0.19273695148945594,0.43655966014198067,1324358
200,1,local_only,offset,P,0.19837581954662575,0.07280416422183564,0.3936506836584073,1324358
200,1,local_only,offset,K,0.26406127777359234,0.10749345906610533,0.3923934977091152,1324358
200,1,local_only,offset,OC,0.25912842683977855,0.15986346968178358,0.3916613887913087,1324358
200,2,causal,offset,N,0.14973300288284752,-0.2887435740574681,-0.013180057066919272,1324358
200,2,causal,linear,N,0.30380520325924865,-0.0438306123986543,0.08322644897302864,1324358
200,2,causal,offset,P,0.019348139162781663,-0.14098719844260293,0.02952724365123962,1324358
200,2,causal,linear,P,0.06347814563326648,-0.05467226434410743,0.06667060219909247,1324358
200,2,causal,offset,K,0.11663630065536068,-0.11291066167403403,0.08256058234251243,1324358
200,2,causal,linear,K,0.13708429080413054,-0.05289641483841727,0.08904047528030662,1324358
200,2,causal,offset,OC,0.09200985222027569,-0.10416943443440019,0.0773674277555296,1324358
200,2,causal,linear,OC,0.15022830672301402,-0.003960045248556113,0.0900545385135027,1324358
200,2,onsite+causal,offset,N,0.15996149595142628,-0.25853136702591234,0.0031933637183798953,1324358
200,2,onsite+causal,linear,N,0.31734992970364573,-0.03167128127191776,0.12486590590500507,1324358
200,2,onsite+causal,offset,P,0.02328761082593922,-0.16223813109473484,0.056467494508655666,1324358
200,2,onsite+causal,linear,P,0.06241402717051747,-0.05639594795182608,0.06363458741535966,1324358
200,2,onsite+causal,offset,K,0.10563010600322686,-0.11510575470697844,0.07515389258079565,1324358
200,2,onsite+causal,linear,K,0.13438931933217324,-0.053273795944082596,0.09845298709735509,1324358
200,2,onsite+causal,offset,OC,0.08876578484996955,-0.10436551091931157,0.07090849300355814,1324358
200,2,onsite+causal,linear,OC,0.15133590959635734,-0.005635428189910141,0.08508848130606583,1324358
200,2,knn+onsite+causal,offset,N,-0.05318921722514536,-0.788234001000133,0.01996609929427876,1324358
200,2,knn+onsite+causal,linear,N,0.31077370204801613,-0.036851992595762426,0.1098848142362059,1324358
200,2,knn+onsite+causal,offset,P,-0.04025458117393543,-0.4059073776802503,0.008681474865409024,1324358
200,2,knn+onsite+causal,linear,P,0.06559820932589377,-0.057716809821818635,0.06314857687380661,1324358
200,2,knn+onsite+causal,offset,K,0.05537936486661721,-0.24418347132759546,0.07781926940996366,1324358
200,2,knn+onsite+causal,linear,K,0.12698006709618292,-0.056904113017531205,0.0977671906058462,1324358
200,2,knn+onsite+causal,offset,OC,0.01593888017205447,-0.24771350115041796,0.07054495492952408,1324358
200,2,knn+onsite+causal,linear,OC,0.1433801145118373,-0.003938777018231587,0.10569756576806774,1324358
200,2,local_only,offset,N,0.4361492500249775,0.18852197821683347,0.4415368035029511,1324358
200,2,local_only,offset,P,0.17196822734795525,0.06369915724206958,0.38557775192356286,1324358
200,2,local_only,offset,K,0.24793784717738543,0.061307203684518724,0.39966907770764465,1324358
200,2,local_only,offset,OC,0.24835171134423495,0.14980520092010277,0.393849105677382,1324358
500,0,causal,offset,N,0.1661146041513254,-0.27022638781604047,-0.013400396067003434,1317758
500,0,causal,linear,N,0.31996384752588947,-0.026346529590241138,0.10209194820650237,1317758
500,0,causal,offset,P,0.03162379994312248,-0.12732735857188374,0.030159638169190175,1317758
500,0,causal,linear,P,0.08156602678500058,-0.039291802911931684,0.07976320671267692,1317758
500,0,causal,offset,K,0.12318376409308851,-0.09869764069613605,0.08315203674468871,1317758
500,0,causal,linear,K,0.14109450107612498,-0.04075416787004748,0.10029038382304255,1317758
500,0,causal,offset,OC,0.09842127757911578,-0.09645164351467059,0.07722436347978515,1317758
500,0,causal,linear,OC,0.1590062201601764,0.01015255228693538,0.09717898195288067,1317758
500,0,onsite+causal,offset,N,0.17222254485971888,-0.24219908011722682,0.0030198380436731523,1317758
500,0,onsite+causal,linear,N,0.33064970764309054,-0.01594973915149093,0.12624826080242568,1317758
500,0,onsite+causal,offset,P,0.03818677885087007,-0.14363750029271422,0.05738697065833509,1317758
500,0,onsite+causal,linear,P,0.08076057106927359,-0.040944033429035805,0.07435142979270312,1317758
500,0,onsite+causal,offset,K,0.1154538253743993,-0.1007827117610519,0.07594780193870977,1317758
500,0,onsite+causal,linear,K,0.14086569542842375,-0.038804803650346185,0.10814900569385832,1317758
500,0,onsite+causal,offset,OC,0.09635857902668032,-0.09548517060874123,0.07086816603910616,1317758
500,0,onsite+causal,linear,OC,0.16051362012870263,0.005870823491782685,0.08263043227796472,1317758
500,0,knn+onsite+causal,offset,N,-0.05570947507907076,-0.755967815401386,0.019631354151732085,1317758
500,0,knn+onsite+causal,linear,N,0.3224661761475929,-0.021986616665752957,0.12624857333658096,1317758
500,0,knn+onsite+causal,offset,P,-0.034657273104189645,-0.34595747464759774,0.010302770610694727,1317758
500,0,knn+onsite+causal,linear,P,0.08026377662303519,-0.04392303836165714,0.08068967233038109,1317758
500,0,knn+onsite+causal,offset,K,0.05768680601381737,-0.23786870519037268,0.07839103471138824,1317758
500,0,knn+onsite+causal,linear,K,0.13182669944081216,-0.04090223643270335,0.1030451692016782,1317758
500,0,knn+onsite+causal,offset,OC,0.022588481354487655,-0.23536397336628959,0.0693152967811944,1317758
500,0,knn+onsite+causal,linear,OC,0.1518500601720778,0.007867572262986698,0.10548060335786458,1317758
500,0,local_only,offset,N,0.5057379333827254,0.2725556426958017,0.5021386966312641,1317758
500,0,local_only,offset,P,0.25271618040486643,0.15331812563946234,0.45874629071215717,1317758
500,0,local_only,offset,K,0.3023287548829183,0.1595472505952504,0.4634164320483487,1317758
500,0,local_only,offset,OC,0.314880788094569,0.21484056170413438,0.4498284727906276,1317758
500,1,causal,offset,N,0.1672739000621123,-0.2632883182055289,-0.011945225111144975,1317758
500,1,causal,linear,N,0.3152825618537196,-0.023363087368117274,0.1023190131874439,1317758
500,1,causal,offset,P,0.02802124899429248,-0.13286420123506654,0.02842846397837362,1317758
500,1,causal,linear,P,0.08009659273007874,-0.042647228213597,0.08979897650178435,1317758
500,1,causal,offset,K,0.12216228050150091,-0.10134997232804159,0.08245868959379768,1317758
500,1,causal,linear,K,0.13938059152561355,-0.044483764402107176,0.09578155681198948,1317758
500,1,causal,offset,OC,0.10086410102508114,-0.09447599092396053,0.07779079102137006,1317758
500,1,causal,linear,OC,0.15805623179648276,0.00997512904731528,0.09821159725668469,1317758
500,1,onsite+causal,offset,N,0.17522558983244174,-0.23636227205365634,0.004568758827218991,1317758
500,1,onsite+causal,linear,N,0.32445515241538414,-0.014033281480110505,0.12632306934867343,1317758
500,1,onsite+causal,offset,P,0.03651374964051346,-0.14778999788497404,0.05544198304904409,1317758
500,1,onsite+causal,linear,P,0.07888971779330822,-0.04363066086354645,0.07935374503509122,1317758
500,1,onsite+causal,offset,K,0.11381057383529047,-0.10340622074518097,0.07515705411443309,1317758
500,1,onsite+causal,linear,K,0.1389734874053039,-0.04272725374299668,0.09523817575167742,1317758
500,1,onsite+causal,offset,OC,0.09866021283199822,-0.09405856590896883,0.07062043550573939,1317758
500,1,onsite+causal,linear,OC,0.1585442347981577,0.005621713299404635,0.08588267249840714,1317758
500,1,knn+onsite+causal,offset,N,-0.03402551582917068,-0.746752464020685,0.01961831876533194,1317758
500,1,knn+onsite+causal,linear,N,0.31929545233336076,-0.017170932955044575,0.12091533686925464,1317758
500,1,knn+onsite+causal,offset,P,-0.03662546938129285,-0.3558944648186511,0.007919473887221758,1317758
500,1,knn+onsite+causal,linear,P,0.07909576645418859,-0.04674677062896519,0.06651766963694294,1317758
500,1,knn+onsite+causal,offset,K,0.0629313129745902,-0.24343677227060656,0.0778503099687265,1317758
500,1,knn+onsite+causal,linear,K,0.13258404356517994,-0.04299601291507341,0.11160504959536972,1317758
500,1,knn+onsite+causal,offset,OC,0.02389197316545033,-0.23465319183526423,0.06942101271774619,1317758
500,1,knn+onsite+causal,linear,OC,0.15170303434251464,0.008130542930550645,0.10864745204795181,1317758
500,1,local_only,offset,N,0.4952351424506034,0.26955391346676133,0.5078332597272193,1317758
500,1,local_only,offset,P,0.2460732373858744,0.13449670409616923,0.4528971778753991,1317758
500,1,local_only,offset,K,0.2932442245703535,0.15507686495990172,0.454338529315914,1317758
500,1,local_only,offset,OC,0.32197550847399026,0.21903409631101514,0.45251449646053565,1317758
500,2,causal,offset,N,0.16250626502662646,-0.27115443088836116,-0.01266931332373078,1317758
500,2,causal,linear,N,0.31684728366629633,-0.025808973881607657,0.11123284062484946,1317758
500,2,causal,offset,P,0.02389615134243228,-0.13630944277264662,0.029058359941336476,1317758
500,2,causal,linear,P,0.07135111308758724,-0.05053741935388862,0.09002360173944918,1317758
500,2,causal,offset,K,0.13753703219846591,-0.099633875749934,0.0829313289566823,1317758
500,2,causal,linear,K,0.16004594914549164,-0.041282851691747634,0.10050776931581554,1317758
500,2,causal,offset,OC,0.09823679363484705,-0.09562034369739142,0.07803737643761499,1317758
500,2,causal,linear,OC,0.15739833262920866,0.011028757087606205,0.09672312472208472,1317758
500,2,onsite+causal,offset,N,0.17125313374698614,-0.24245619810147118,0.003564745285500735,1317758
500,2,onsite+causal,linear,N,0.3278796463077921,-0.015166571869594152,0.1357162969279884,1317758
500,2,onsite+causal,offset,P,0.03092736193517409,-0.1507386220066606,0.056390320353422244,1317758
500,2,onsite+causal,linear,P,0.07134591181546945,-0.05117660402031953,0.0733221700113199,1317758
500,2,onsite+causal,offset,K,0.12771278107276463,-0.10295622867016857,0.07479899500082841,1317758
500,2,onsite+causal,linear,K,0.16102667850334162,-0.03795491851676029,0.10889083583044651,1317758
500,2,onsite+causal,offset,OC,0.09523591433604017,-0.09385164243866516,0.07257502645485323,1317758
500,2,onsite+causal,linear,OC,0.15855304876412568,0.006803633018343505,0.08711615108460047,1317758
500,2,knn+onsite+causal,offset,N,-0.0479902606532292,-0.7330061762112575,0.020612215705304724,1317758
500,2,knn+onsite+causal,linear,N,0.3201150270043628,-0.022484729713490116,0.11394653244514576,1317758
500,2,knn+onsite+causal,offset,P,-0.03588652965064876,-0.3330382796748257,0.008556613151259064,1317758
500,2,knn+onsite+causal,linear,P,0.07319899415081577,-0.053954045228064525,0.07525039774663808,1317758
500,2,knn+onsite+causal,offset,K,0.07036256238432226,-0.24189333386716524,0.07831988226447413,1317758
500,2,knn+onsite+causal,linear,K,0.15544521056998395,-0.039272407410232996,0.10749298076638364,1317758
500,2,knn+onsite+causal,offset,OC,0.022334187121377913,-0.23512665822518802,0.06933691006542933,1317758
500,2,knn+onsite+causal,linear,OC,0.14944843763979454,0.008762038527737966,0.10513131644048124,1317758
500,2,local_only,offset,N,0.4886771019364742,0.26620765529755686,0.4998518769734911,1317758
500,2,local_only,offset,P,0.23925479719918563,0.14930648031750035,0.4554186442947888,1317758
500,2,local_only,offset,K,0.3177035106276943,0.1587842635460039,0.45194836791137855,1317758
500,2,local_only,offset,OC,0.30730771966008164,0.2177990643030782,0.45152571932236063,1317758
oracle,0,causal,offset,N,0.16585205564909178,-0.2646281401450332,-0.012692441142159503,1328758
oracle,0,causal,offset,P,0.02824146008168793,-0.13351152046406287,0.029291554544364364,1328758
oracle,0,causal,offset,K,0.13016020648664073,-0.09820096349418118,0.08277456642498864,1328758
oracle,0,causal,offset,OC,0.1043149474098436,-0.09388450449022966,0.07745033692756709,1328758
oracle,0,onsite+causal,offset,N,0.17383761892263283,-0.23793089082075494,0.0038736537464924784,1328758
oracle,0,onsite+causal,offset,P,0.03553377265191171,-0.14876106059632013,0.05643428836708948,1328758
oracle,0,onsite+causal,offset,K,0.12161415015014787,-0.10085024268589395,0.07523772531108366,1328758
oracle,0,onsite+causal,offset,OC,0.10184399146548528,-0.09329328395234847,0.0709036895810744,1328758
oracle,0,knn+onsite+causal,offset,N,-0.04635929113152559,-0.7456636595900554,0.01964029946497858,1328758
oracle,0,knn+onsite+causal,offset,P,-0.0367799846329826,-0.35242413164279557,0.009109671560988934,1328758
oracle,0,knn+onsite+causal,offset,K,0.06624836724469074,-0.23876772471127383,0.07793461234176126,1328758
oracle,0,knn+onsite+causal,offset,OC,0.028680039293212833,-0.2313815630453889,0.06981099655361699,1328758
