region,features,model,target,n,R2,RMSE,MAE,median_components
Vidarbha,41 inputs,PLSR,N,3561,0.021383280329173915,95.79225106352835,68.18622203656707,8.0
Vidarbha,41 inputs,PLSR,P,3561,-0.025593675435777063,18.689148523105256,10.407683942383956,5.0
Vidarbha,41 inputs,PLSR,K,3561,0.23107691440374067,300.9732066266067,198.16334202835887,12.0
Vidarbha,41 inputs,PLSR,OC,3561,-0.01730516724271758,0.2644416518321022,0.1857368523058414,3.0
Vidarbha,41 + elev + climate,PLSR,N,3561,0.11425144083853733,91.13376038579841,64.01105322022082,12.0
Vidarbha,41 + elev + climate,PLSR,P,3561,0.03725129122546744,18.107492783900234,9.872085918674259,12.0
Vidarbha,41 + elev + climate,PLSR,K,3561,0.3913938276195973,267.76546400378413,173.87762124442784,8.0
Vidarbha,41 + elev + climate,PLSR,OC,3561,0.07463767546394406,0.25220874603779275,0.1759422258323937,2.0
Marathwada,41 inputs,PLSR,N,3838,0.07446695079583632,67.60562262039547,49.11097604871958,5.0
Marathwada,41 inputs,PLSR,P,3838,0.15573456579073508,13.38762939340589,6.547237115871354,5.0
Marathwada,41 inputs,PLSR,K,3838,-0.014901988619941298,184.01309701181782,142.33045137594468,5.0
Marathwada,41 inputs,PLSR,OC,3838,0.0003324532293004223,0.1391376009502697,0.09508017853646163,3.0
Marathwada,41 + elev + climate,PLSR,N,3838,0.39080906244627434,54.84835012151753,39.13024368713544,20.0
Marathwada,41 + elev + climate,PLSR,P,3838,0.32346941919385663,11.984168129251323,5.553322045955323,12.0
Marathwada,41 + elev + climate,PLSR,K,3838,0.0846252078563492,174.7576343983148,130.97768466584102,12.0
Marathwada,41 + elev + climate,PLSR,OC,3838,0.03978435597493346,0.13636443041767746,0.09170062040428952,12.0
North MH,41 inputs,PLSR,N,5373,-0.012168424045693849,63.28303387422504,45.51557320096656,5.0
North MH,41 inputs,PLSR,P,5373,-0.015486031237901043,22.158858292806404,10.490576071753216,2.0
North MH,41 inputs,PLSR,K,5373,-0.07378936082677412,148.18279066402113,110.3098822537248,2.0
North MH,41 inputs,PLSR,OC,5373,0.02223390799080327,0.347028806763496,0.21206009917536853,5.0
North MH,41 + elev + climate,PLSR,N,5373,0.04798219449179508,61.37385949896033,44.16102597555009,16.0
North MH,41 + elev + climate,PLSR,P,5373,0.012697665625238441,21.849197240256842,10.491441045510234,5.0
North MH,41 + elev + climate,PLSR,K,5373,-0.0012416976463582863,143.08947328930608,104.25275751184427,20.0
North MH,41 + elev + climate,PLSR,OC,5373,0.07805816443662283,0.3369766450759718,0.21366577782873478,12.0
Western MH,41 inputs,PLSR,N,2729,0.0822240616296136,116.33640416669977,85.57341103689727,5.0
Western MH,41 inputs,PLSR,P,2729,0.14995226932605854,38.275541350660866,20.828405186870466,8.0
Western MH,41 inputs,PLSR,K,2729,-0.038685765185057175,233.858618429457,167.58834164687576,2.0
Western MH,41 inputs,PLSR,OC,2729,0.028168774401854058,0.2845627024952995,0.21402903959543196,12.0
Western MH,41 + elev + climate,PLSR,N,2729,0.11075021310158051,114.51415881677346,77.69568101488852,3.0
Western MH,41 + elev + climate,PLSR,P,2729,0.19593177377043147,37.22597969312742,19.993989804929047,12.0
Western MH,41 + elev + climate,PLSR,K,2729,-0.05583517642176572,235.78129747262244,170.59114987278699,1.0
Western MH,41 + elev + climate,PLSR,OC,2729,0.2652763526238715,0.24742555957785212,0.18216615364387942,20.0
Konkan,41 inputs,PLSR,N,1772,-0.03135779035091146,320.32753240932595,250.059254612355,3.0
Konkan,41 inputs,PLSR,P,1772,-0.04601905913922577,29.507930964278756,16.037756970620983,1.0
Konkan,41 inputs,PLSR,K,1772,-0.13162289397338323,386.0428164119458,253.3109446434782,3.0
Konkan,41 inputs,PLSR,OC,1772,0.021694915726032438,0.6762128826401398,0.5322595277437201,2.0
Konkan,41 + elev + climate,PLSR,N,1772,0.14541955373415527,291.5855965077299,220.39118055914653,5.0
Konkan,41 + elev + climate,PLSR,P,1772,0.049820089628524356,28.123662778605983,15.165398794146435,8.0
Konkan,41 + elev + climate,PLSR,K,1772,-0.07051342584111886,375.47469399045355,245.22643950076787,3.0
Konkan,41 + elev + climate,PLSR,OC,1772,0.04083290199869738,0.6695660447774364,0.5276692807841664,1.0
