region,features,model,target,n,R2,RMSE,MAE,most_chosen
Vidarbha,41 inputs,DecisionTree_tuned,N,3561,0.08789213611245072,92.47985995026953,66.62871504899823,"{'min_samples_leaf': 100, 'max_depth': None}"
Vidarbha,41 inputs,DecisionTree_tuned,P,3561,0.008144090649205293,18.379180415891046,10.26940344735796,"{'min_samples_leaf': 20, 'max_depth': 6}"
Vidarbha,41 inputs,DecisionTree_tuned,K,3561,0.15718565999726064,315.1028588706174,203.3859328579563,"{'min_samples_leaf': 100, 'max_depth': 6}"
Vidarbha,41 inputs,DecisionTree_tuned,OC,3561,-0.0008555612394656187,0.26229495621427273,0.1848312886324282,"{'min_samples_leaf': 100, 'max_depth': None}"
Vidarbha,41 + elev + climate,DecisionTree_tuned,N,3561,0.2509671165411659,83.80588283776972,59.42109240886834,"{'min_samples_leaf': 20, 'max_depth': 6}"
Vidarbha,41 + elev + climate,DecisionTree_tuned,P,3561,0.0490245582781631,17.99643570871537,9.806959376919462,"{'min_samples_leaf': 20, 'max_depth': 6}"
Vidarbha,41 + elev + climate,DecisionTree_tuned,K,3561,0.38580895461902476,268.99123291064643,175.0261445951928,"{'min_samples_leaf': 100, 'max_depth': 6}"
Vidarbha,41 + elev + climate,DecisionTree_tuned,OC,3561,0.11389350198159964,0.24680116009055353,0.17735886753240504,"{'min_samples_leaf': 100, 'max_depth': None}"
Marathwada,41 inputs,DecisionTree_tuned,N,3838,0.06903039442046877,67.80388870377881,48.918752760471605,"{'min_samples_leaf': 100, 'max_depth': 6}"
Marathwada,41 inputs,DecisionTree_tuned,P,3838,0.17872472655238203,13.204092276362559,6.283506005228792,"{'min_samples_leaf': 100, 'max_depth': None}"
Marathwada,41 inputs,DecisionTree_tuned,K,3838,-0.05137992257893864,187.29083362269046,142.376770822422,"{'min_samples_leaf': 100, 'max_depth': 6}"
Marathwada,41 inputs,DecisionTree_tuned,OC,3838,0.0017544964681992514,0.13903860298835277,0.09366634717912256,"{'min_samples_leaf': 100, 'max_depth': 6}"
Marathwada,41 + elev + climate,DecisionTree_tuned,N,3838,0.36966224372364676,55.792203219497885,38.76358507870704,"{'min_samples_leaf': 100, 'max_depth': 6}"
Marathwada,41 + elev + climate,DecisionTree_tuned,P,3838,0.3588183326906528,11.666879846248861,5.156451917611871,"{'min_samples_leaf': 5, 'max_depth': 6}"
Marathwada,41 + elev + climate,DecisionTree_tuned,K,3838,0.07222353137417892,175.93747694129132,130.08328141334562,"{'min_samples_leaf': 100, 'max_depth': None}"
Marathwada,41 + elev + climate,DecisionTree_tuned,OC,3838,0.04390353631860633,0.1360716246334158,0.08959844580473993,"{'min_samples_leaf': 100, 'max_depth': 6}"
North MH,41 inputs,DecisionTree_tuned,N,5373,-0.009177176315437352,63.18945493548744,45.523345473157626,"{'min_samples_leaf': 100, 'max_depth': None}"
North MH,41 inputs,DecisionTree_tuned,P,5373,-0.0010789873585459464,22.00110917444836,10.497756099031,"{'min_samples_leaf': 100, 'max_depth': 6}"
North MH,41 inputs,DecisionTree_tuned,K,5373,-0.07276684113996401,148.1122200685513,107.3820149969405,"{'min_samples_leaf': 100, 'max_depth': 6}"
North MH,41 inputs,DecisionTree_tuned,OC,5373,0.056024709569219344,0.3409795662489158,0.2067295279388946,"{'min_samples_leaf': 100, 'max_depth': 6}"
North MH,41 + elev + climate,DecisionTree_tuned,N,5373,0.19739525242677047,56.35231493612164,40.53001642602771,"{'min_samples_leaf': 20, 'max_depth': 6}"
North MH,41 + elev + climate,DecisionTree_tuned,P,5373,0.07525996407533153,21.14561075554014,10.398189298187768,"{'min_samples_leaf': 50, 'max_depth': 6}"
North MH,41 + elev + climate,DecisionTree_tuned,K,5373,0.1375326566970947,132.80350920544163,91.60750830100856,"{'min_samples_leaf': 50, 'max_depth': 10}"
North MH,41 + elev + climate,DecisionTree_tuned,OC,5373,0.25922901558288913,0.30205777728485766,0.18644633421753035,"{'min_samples_leaf': 50, 'max_depth': 6}"
Western MH,41 inputs,DecisionTree_tuned,N,2729,0.11288493221036999,114.37662577933891,83.08474204257492,"{'min_samples_leaf': 100, 'max_depth': None}"
Western MH,41 inputs,DecisionTree_tuned,P,2729,0.19828810613179182,37.17139406475832,19.74550070705684,"{'min_samples_leaf': 100, 'max_depth': 6}"
Western MH,41 inputs,DecisionTree_tuned,K,2729,-0.06124669405235594,236.3847552623865,171.62345790452602,"{'min_samples_leaf': 100, 'max_depth': 6}"
Western MH,41 inputs,DecisionTree_tuned,OC,2729,0.08068311295350294,0.2767675511021435,0.20675501916171232,"{'min_samples_leaf': 50, 'max_depth': 6}"
Western MH,41 + elev + climate,DecisionTree_tuned,N,2729,0.3494168049758485,97.94871049906041,61.202726703732694,"{'min_samples_leaf': 50, 'max_depth': 6}"
Western MH,41 + elev + climate,DecisionTree_tuned,P,2729,0.25550239417042186,35.82047482801512,19.559203662436705,"{'min_samples_leaf': 100, 'max_depth': None}"
Western MH,41 + elev + climate,DecisionTree_tuned,K,2729,-0.06071747241316516,236.32580783365322,169.89962722443647,"{'min_samples_leaf': 100, 'max_depth': None}"
Western MH,41 + elev + climate,DecisionTree_tuned,OC,2729,0.2760966397362645,0.24559688174190938,0.1639756981345843,"{'min_samples_leaf': 20, 'max_depth': None}"
Konkan,41 inputs,DecisionTree_tuned,N,1772,-0.01941207103214926,318.46702982019093,245.46610219700267,"{'min_samples_leaf': 50, 'max_depth': None}"
Konkan,41 inputs,DecisionTree_tuned,P,1772,-0.020251286128299073,29.142213483261536,15.889819934724716,"{'min_samples_leaf': 100, 'max_depth': None}"
Konkan,41 inputs,DecisionTree_tuned,K,1772,-0.04624374306744694,371.19408724140794,247.95139979197063,"{'min_samples_leaf': 100, 'max_depth': None}"
Konkan,41 inputs,DecisionTree_tuned,OC,1772,0.00309094885167871,0.6826122135529725,0.524541979028188,"{'min_samples_leaf': 50, 'max_depth': 6}"
Konkan,41 + elev + climate,DecisionTree_tuned,N,1772,0.29628069111960387,264.5996864993663,182.07299895016376,"{'min_samples_leaf': 5, 'max_depth': 6}"
Konkan,41 + elev + climate,DecisionTree_tuned,P,1772,0.03713500768988032,28.31076848973242,15.234159245348636,"{'min_samples_leaf': 100, 'max_depth': None}"
Konkan,41 + elev + climate,DecisionTree_tuned,K,1772,-0.08580077699294719,378.1461532986567,254.4051214402695,"{'min_samples_leaf': 20, 'max_depth': 6}"
Konkan,41 + elev + climate,DecisionTree_tuned,OC,1772,0.044981248350848824,0.6681165571901235,0.49630414866374895,"{'min_samples_leaf': 100, 'max_depth': None}"
Vidarbha,41 inputs,KNN_tuned,N,3561,0.1125239587417236,91.22258652750719,66.30822303335452,"{'n_neighbors': 50, 'weights': 'distance'}"
Vidarbha,41 inputs,KNN_tuned,P,3561,-0.004717932824090276,18.49796380513862,10.288347393180473,"{'n_neighbors': 50, 'weights': 'distance'}"
Vidarbha,41 inputs,KNN_tuned,K,3561,0.2077972029265034,305.4953267207947,196.56783092597288,"{'n_neighbors': 50, 'weights': 'distance'}"
Vidarbha,41 inputs,KNN_tuned,OC,3561,0.009898255452133409,0.26088202025595286,0.18147582828817688,"{'n_neighbors': 100, 'weights': 'distance'}"
Vidarbha,41 + elev + climate,KNN_tuned,N,3561,0.22411506586028818,85.29483292334446,62.731486617421595,"{'n_neighbors': 50, 'weights': 'distance'}"
Vidarbha,41 + elev + climate,KNN_tuned,P,3561,0.04707006528126667,18.014919810284983,9.908262586874008,"{'n_neighbors': 25, 'weights': 'distance'}"
Vidarbha,41 + elev + climate,KNN_tuned,K,3561,0.2941915917208726,288.35653565767575,183.6602140602451,"{'n_neighbors': 50, 'weights': 'distance'}"
Vidarbha,41 + elev + climate,KNN_tuned,OC,3561,0.08440992978336215,0.2508734909248067,0.17398675855911658,"{'n_neighbors': 50, 'weights': 'distance'}"
Marathwada,41 inputs,KNN_tuned,N,3838,0.06695902160752432,67.87927736051215,48.36135060915218,"{'n_neighbors': 50, 'weights': 'distance'}"
Marathwada,41 inputs,KNN_tuned,P,3838,0.09448777278648457,13.864727442037683,6.463044553004711,"{'n_neighbors': 25, 'weights': 'distance'}"
Marathwada,41 inputs,KNN_tuned,K,3838,0.00032139564030175816,182.62779752960768,143.91105106200877,"{'n_neighbors': 100, 'weights': 'distance'}"
Marathwada,41 inputs,KNN_tuned,OC,3838,0.0006281915283580242,0.13911701842695068,0.09396266745260952,"{'n_neighbors': 100, 'weights': 'distance'}"
Marathwada,41 + elev + climate,KNN_tuned,N,3838,0.27427433483379937,59.86501452794774,42.344013970881974,"{'n_neighbors': 25, 'weights': 'distance'}"
Marathwada,41 + elev + climate,KNN_tuned,P,3838,0.314942804539983,12.059452551585718,5.28315744589453,"{'n_neighbors': 10, 'weights': 'distance'}"
Marathwada,41 + elev + climate,KNN_tuned,K,3838,0.06824780154920718,176.3140396923273,132.7315083403208,"{'n_neighbors': 25, 'weights': 'distance'}"
Marathwada,41 + elev + climate,KNN_tuned,OC,3838,0.03193349473994078,0.13692076316820948,0.09110118309943029,"{'n_neighbors': 50, 'weights': 'distance'}"
North MH,41 inputs,KNN_tuned,N,5373,-0.006709792367335821,63.11216025094244,45.486956840134184,"{'n_neighbors': 100, 'weights': 'distance'}"
North MH,41 inputs,KNN_tuned,P,5373,-0.01181228312100413,22.11873965942928,10.476714241585196,"{'n_neighbors': 50, 'weights': 'distance'}"
North MH,41 inputs,KNN_tuned,K,5373,-0.009714642707213894,143.69364064599552,106.59127353139922,"{'n_neighbors': 100, 'weights': 'distance'}"
North MH,41 inputs,KNN_tuned,OC,5373,0.036960066819220816,0.3444055875608902,0.20557254682034007,"{'n_neighbors': 50, 'weights': 'distance'}"
North MH,41 + elev + climate,KNN_tuned,N,5373,0.020577461373273764,62.250944650956114,44.744595365816146,"{'n_neighbors': 50, 'weights': 'distance'}"
North MH,41 + elev + climate,KNN_tuned,P,5373,0.04277493038083546,21.513815279554066,10.284369067542645,"{'n_neighbors': 50, 'weights': 'distance'}"
North MH,41 + elev + climate,KNN_tuned,K,5373,0.047022708696596416,139.59809667763676,102.06300520669251,"{'n_neighbors': 25, 'weights': 'distance'}"
North MH,41 + elev + climate,KNN_tuned,OC,5373,0.12926292549904717,0.3274851104532902,0.1994682142625107,"{'n_neighbors': 50, 'weights': 'distance'}"
Western MH,41 inputs,KNN_tuned,N,2729,0.12155392029971834,113.81640316234581,82.38465871037053,"{'n_neighbors': 25, 'weights': 'distance'}"
Western MH,41 inputs,KNN_tuned,P,2729,0.08777518683187502,39.650678771699376,20.775473961862883,"{'n_neighbors': 50, 'weights': 'distance'}"
Western MH,41 inputs,KNN_tuned,K,2729,-0.0338489854039048,233.31348603415375,168.1495858571764,"{'n_neighbors': 100, 'weights': 'uniform'}"
Western MH,41 inputs,KNN_tuned,OC,2729,0.042561662337204376,0.282447645556975,0.210581531775684,"{'n_neighbors': 25, 'weights': 'distance'}"
Western MH,41 + elev + climate,KNN_tuned,N,2729,0.32253639865006134,99.95172313095804,67.90702594614005,"{'n_neighbors': 25, 'weights': 'distance'}"
Western MH,41 + elev + climate,KNN_tuned,P,2729,0.2008724751862091,37.11143353287729,19.445564092952722,"{'n_neighbors': 50, 'weights': 'distance'}"
Western MH,41 + elev + climate,KNN_tuned,K,2729,-0.046329972215320314,234.7175820954282,168.62873596118916,"{'n_neighbors': 100, 'weights': 'uniform'}"
Western MH,41 + elev + climate,KNN_tuned,OC,2729,0.14769125310234077,0.2664900662894212,0.19700572339189312,"{'n_neighbors': 25, 'weights': 'distance'}"
Konkan,41 inputs,KNN_tuned,N,1772,0.05116023466017594,307.2458533406652,242.17667723569977,"{'n_neighbors': 25, 'weights': 'distance'}"
Konkan,41 inputs,KNN_tuned,P,1772,-0.015457326573153685,29.07366610928461,15.61057898459471,"{'n_neighbors': 100, 'weights': 'distance'}"
Konkan,41 inputs,KNN_tuned,K,1772,-0.060914337734885304,373.78749858244015,246.52738064528774,"{'n_neighbors': 50, 'weights': 'distance'}"
Konkan,41 inputs,KNN_tuned,OC,1772,0.025030586400872967,0.6750590761633961,0.5251497941337638,"{'n_neighbors': 100, 'weights': 'distance'}"
Konkan,41 + elev + climate,KNN_tuned,N,1772,0.2829753921039091,267.0893811805158,202.57339475091615,"{'n_neighbors': 25, 'weights': 'distance'}"
Konkan,41 + elev + climate,KNN_tuned,P,1772,0.007094350329097776,28.749013763884477,15.210197764153456,"{'n_neighbors': 100, 'weights': 'distance'}"
Konkan,41 + elev + climate,KNN_tuned,K,1772,-0.0013607419966725764,363.1448532013758,240.84680010738472,"{'n_neighbors': 25, 'weights': 'distance'}"
Konkan,41 + elev + climate,KNN_tuned,OC,1772,0.07883055213951085,0.6561695121753403,0.5125092639783974,"{'n_neighbors': 50, 'weights': 'distance'}"
Vidarbha,41 inputs,SVR_tuned,N,3561,0.15831397137662406,88.8380715368788,64.34088327232018,"{'C': 0.3, 'epsilon': 0.3}"
Vidarbha,41 inputs,SVR_tuned,P,3561,0.029628353522702877,18.17903800306055,10.073895829877998,"{'C': 0.3, 'epsilon': 0.3}"
Vidarbha,41 inputs,SVR_tuned,K,3561,0.23215482871479165,300.76217309759426,195.04243448304427,"{'C': 0.3, 'epsilon': 0.3}"
Vidarbha,41 inputs,SVR_tuned,OC,3561,0.012432589516822024,0.2605479203383905,0.17818213458257706,"{'C': 0.3, 'epsilon': 0.3}"
Vidarbha,41 + elev + climate,SVR_tuned,N,3561,0.298369075257615,81.11075138942323,58.99196521841159,"{'C': 1.0, 'epsilon': 0.3}"
Vidarbha,41 + elev + climate,SVR_tuned,P,3561,0.0691713272983644,17.80478462751777,9.715543871887283,"{'C': 0.3, 'epsilon': 0.3}"
Vidarbha,41 + elev + climate,SVR_tuned,K,3561,0.3492581638080403,276.87946654329926,178.4063370534273,"{'C': 0.3, 'epsilon': 0.1}"
Vidarbha,41 + elev + climate,SVR_tuned,OC,3561,0.08775234120910147,0.25041515857840535,0.1702057504869317,"{'C': 0.3, 'epsilon': 0.3}"
Marathwada,41 inputs,SVR_tuned,N,3838,0.09699839787259268,66.77764693346256,47.35631847988794,"{'C': 0.3, 'epsilon': 0.3}"
Marathwada,41 inputs,SVR_tuned,P,3838,0.18696771602924456,13.137661640250736,6.06902175298884,"{'C': 1.0, 'epsilon': 0.3}"
Marathwada,41 inputs,SVR_tuned,K,3838,0.012069986893530227,181.55147125809464,138.4674270009667,"{'C': 0.3, 'epsilon': 0.3}"
Marathwada,41 inputs,SVR_tuned,OC,3838,0.0103547451731123,0.13843837328198477,0.09309714425545446,"{'C': 0.3, 'epsilon': 0.3}"
Marathwada,41 + elev + climate,SVR_tuned,N,3838,0.38316839962333626,55.19124087179555,39.263444006800505,"{'C': 1.0, 'epsilon': 0.3}"
Marathwada,41 + elev + climate,SVR_tuned,P,3838,0.39153431665511373,11.365334488311548,5.042036836062948,"{'C': 3.0, 'epsilon': 0.3}"
Marathwada,41 + elev + climate,SVR_tuned,K,3838,0.08832641770825311,174.40397061023205,126.7250642439517,"{'C': 1.0, 'epsilon': 0.3}"
Marathwada,41 + elev + climate,SVR_tuned,OC,3838,0.07127072646620036,0.13411003675055244,0.0884233576196579,"{'C': 0.3, 'epsilon': 0.3}"
North MH,41 inputs,SVR_tuned,N,5373,0.01055043591504401,62.568786204161974,44.74658656975505,"{'C': 0.3, 'epsilon': 0.3}"
North MH,41 inputs,SVR_tuned,P,5373,-0.04227465051157275,22.44923214359702,10.005702050708855,"{'C': 0.3, 'epsilon': 0.3}"
North MH,41 inputs,SVR_tuned,K,5373,0.0013509050310394066,142.90409616567771,105.37805833105767,"{'C': 0.3, 'epsilon': 0.3}"
North MH,41 inputs,SVR_tuned,OC,5373,0.02655383898833319,0.34626134303067096,0.2009398943090187,"{'C': 1.0, 'epsilon': 0.3}"
North MH,41 + elev + climate,SVR_tuned,N,5373,0.09462633011483912,59.85147108243263,42.31395772536842,"{'C': 1.0, 'epsilon': 0.1}"
North MH,41 + elev + climate,SVR_tuned,P,5373,0.014176587553132336,21.832826689058752,9.857187827368778,"{'C': 1.0, 'epsilon': 0.3}"
North MH,41 + elev + climate,SVR_tuned,K,5373,0.12428191802709332,133.8198009906144,96.52496337633009,"{'C': 3.0, 'epsilon': 0.3}"
North MH,41 + elev + climate,SVR_tuned,OC,5373,0.12638277618114568,0.32802627687907804,0.19508325127697715,"{'C': 1.0, 'epsilon': 0.3}"
Western MH,41 inputs,SVR_tuned,N,2729,0.20750699317882138,108.104810952189,78.51238290708093,"{'C': 1.0, 'epsilon': 0.3}"
Western MH,41 inputs,SVR_tuned,P,2729,0.15900863232618068,38.07110258876367,20.273251228988602,"{'C': 0.3, 'epsilon': 0.3}"
Western MH,41 inputs,SVR_tuned,K,2729,-0.043732654885833666,234.42607996096677,170.01803592149207,"{'C': 0.3, 'epsilon': 0.3}"
Western MH,41 inputs,SVR_tuned,OC,2729,0.10245482094828018,0.2734706427692852,0.203452583785455,"{'C': 1.0, 'epsilon': 0.3}"
Western MH,41 + elev + climate,SVR_tuned,N,2729,0.3288012004172991,99.488501123469,66.95413123433332,"{'C': 1.0, 'epsilon': 0.3}"
Western MH,41 + elev + climate,SVR_tuned,P,2729,0.247547593972964,36.011333478061424,18.92286701295637,"{'C': 1.0, 'epsilon': 0.3}"
Western MH,41 + elev + climate,SVR_tuned,K,2729,-0.03882226081708784,233.87398382310064,169.7913517316911,"{'C': 0.3, 'epsilon': 0.3}"
Western MH,41 + elev + climate,SVR_tuned,OC,2729,0.26918885195543607,0.24676589350201913,0.17870596318870555,"{'C': 1.0, 'epsilon': 0.3}"
Konkan,41 inputs,SVR_tuned,N,1772,0.13174071377247387,293.9099642783647,228.54822015551414,"{'C': 1.0, 'epsilon': 0.3}"
Konkan,41 inputs,SVR_tuned,P,1772,-0.016182622440555017,29.08404726725849,15.594266502426763,"{'C': 0.3, 'epsilon': 0.3}"
Konkan,41 inputs,SVR_tuned,K,1772,-0.031170473223318673,368.5104834458521,246.1364237991082,"{'C': 0.3, 'epsilon': 0.3}"
Konkan,41 inputs,SVR_tuned,OC,1772,0.036743134381394316,0.6709919989851366,0.512217404057007,"{'C': 0.3, 'epsilon': 0.3}"
Konkan,41 + elev + climate,SVR_tuned,N,1772,0.3068541256100914,262.6043482090122,195.43833145321787,"{'C': 1.0, 'epsilon': 0.3}"
Konkan,41 + elev + climate,SVR_tuned,P,1772,0.03693972129797474,28.31363931148448,15.105740351056706,"{'C': 0.3, 'epsilon': 0.1}"
Konkan,41 + elev + climate,SVR_tuned,K,1772,-0.007172909018785534,364.1972235412914,239.2843864002875,"{'C': 0.3, 'epsilon': 0.3}"
Konkan,41 + elev + climate,SVR_tuned,OC,1772,0.07841067376310085,0.6563190394973728,0.5034775984561832,"{'C': 3.0, 'epsilon': 0.3}"
Vidarbha,41 inputs,Cubist_tuned,N,3561,0.13739545917572804,89.93524732855462,64.62053195178737,"{'n_committees': 20, 'neighbors': None}"
Vidarbha,41 inputs,Cubist_tuned,P,3561,0.024845242926726963,18.223786560233044,9.92720654343212,"{'n_committees': 20, 'neighbors': None}"
Vidarbha,41 inputs,Cubist_tuned,K,3561,0.26925808639048965,293.40559715362025,190.30153109786568,"{'n_committees': 20, 'neighbors': None}"
Vidarbha,41 inputs,Cubist_tuned,OC,3561,0.007965931296691986,0.2611364703223535,0.17813915104467504,"{'n_committees': 20, 'neighbors': None}"
Vidarbha,41 + elev + climate,Cubist_tuned,N,3561,0.3727599121042108,76.69039362362105,53.337457015925985,"{'n_committees': 20, 'neighbors': None}"
Vidarbha,41 + elev + climate,Cubist_tuned,P,3561,0.18547820733778697,16.655328489026115,8.46044701051467,"{'n_committees': 20, 'neighbors': None}"
Vidarbha,41 + elev + climate,Cubist_tuned,K,3561,0.4794611795322219,247.63552490638472,158.36699525056045,"{'n_committees': 20, 'neighbors': None}"
Vidarbha,41 + elev + climate,Cubist_tuned,OC,3561,0.22647755395030778,0.2305901205611228,0.16122185387221077,"{'n_committees': 5, 'neighbors': None}"
Marathwada,41 inputs,Cubist_tuned,N,3838,0.09994229323696446,66.6687064341265,47.05050598656572,"{'n_committees': 20, 'neighbors': None}"
Marathwada,41 inputs,Cubist_tuned,P,3838,0.2023213943643416,13.013021550710349,5.887576537901536,"{'n_committees': 20, 'neighbors': None}"
Marathwada,41 inputs,Cubist_tuned,K,3838,-0.00019605680346401755,182.6750572058594,138.24871199313324,"{'n_committees': 20, 'neighbors': None}"
Marathwada,41 inputs,Cubist_tuned,OC,3838,0.006688117029677865,0.1386945927387452,0.09279163085483888,"{'n_committees': 20, 'neighbors': None}"
Marathwada,41 + elev + climate,Cubist_tuned,N,3838,0.5143691777653067,48.971112775885466,34.6045639675534,"{'n_committees': 20, 'neighbors': None}"
Marathwada,41 + elev + climate,Cubist_tuned,P,3838,0.5108594095584766,10.190160600622804,4.330055415551993,"{'n_committees': 20, 'neighbors': None}"
Marathwada,41 + elev + climate,Cubist_tuned,K,3838,0.2149555625103644,161.83922995309126,115.33947600378151,"{'n_committees': 20, 'neighbors': None}"
Marathwada,41 + elev + climate,Cubist_tuned,OC,3838,0.10610693315958875,0.13157079491381646,0.08552248113711598,"{'n_committees': 20, 'neighbors': None}"
North MH,41 inputs,Cubist_tuned,N,5373,0.03395747177907493,61.82427357601249,44.12933852072367,"{'n_committees': 20, 'neighbors': None}"
North MH,41 inputs,Cubist_tuned,P,5373,-0.00586266989291051,22.053612968826815,9.846751545207592,"{'n_committees': 20, 'neighbors': None}"
North MH,41 inputs,Cubist_tuned,K,5373,0.025496230904544337,141.16595895257785,101.94817472782987,"{'n_committees': 20, 'neighbors': None}"
North MH,41 inputs,Cubist_tuned,OC,5373,0.08071395091402,0.3364909401149173,0.19633740062684982,"{'n_committees': 20, 'neighbors': None}"
North MH,41 + elev + climate,Cubist_tuned,N,5373,0.3311549773676099,51.44268748033213,37.76503400007596,"{'n_committees': 20, 'neighbors': None}"
North MH,41 + elev + climate,Cubist_tuned,P,5373,0.33907459114866423,17.876670174791162,8.345957296599337,"{'n_committees': 20, 'neighbors': None}"
North MH,41 + elev + climate,Cubist_tuned,K,5373,0.27995662346251704,121.34378877157712,80.2405639525704,"{'n_committees': 20, 'neighbors': None}"
North MH,41 + elev + climate,Cubist_tuned,OC,5373,0.2763268229743342,0.2985515145556272,0.18011421157937235,"{'n_committees': 20, 'neighbors': None}"
Western MH,41 inputs,Cubist_tuned,N,2729,0.264820223560005,104.12237802053768,73.26198831824291,"{'n_committees': 5, 'neighbors': None}"
Western MH,41 inputs,Cubist_tuned,P,2729,0.20629161582541833,36.98538719873913,19.588112546157287,"{'n_committees': 20, 'neighbors': None}"
Western MH,41 inputs,Cubist_tuned,K,2729,-0.020952422202449972,231.8537057493553,168.4779051870777,"{'n_committees': 20, 'neighbors': None}"
Western MH,41 inputs,Cubist_tuned,OC,2729,0.130811573545072,0.26911600033882854,0.19757249415839798,"{'n_committees': 20, 'neighbors': None}"
Western MH,41 + elev + climate,Cubist_tuned,N,2729,0.44972180127288075,90.08209044408154,57.44511116359502,"{'n_committees': 20, 'neighbors': None}"
Western MH,41 + elev + climate,Cubist_tuned,P,2729,0.4052045611553585,32.017211174788756,16.71263201924046,"{'n_committees': 20, 'neighbors': None}"
Western MH,41 + elev + climate,Cubist_tuned,K,2729,-0.018948870322362144,231.62609521399324,167.66444280084963,"{'n_committees': 20, 'neighbors': None}"
Western MH,41 + elev + climate,Cubist_tuned,OC,2729,0.5194226314853944,0.20010788861522813,0.13609664005068686,"{'n_committees': 20, 'neighbors': None}"
Konkan,41 inputs,Cubist_tuned,N,1772,0.09340642492567097,300.32805950081257,227.04718408292024,"{'n_committees': 20, 'neighbors': None}"
Konkan,41 inputs,Cubist_tuned,P,1772,-0.017245560372952218,29.099254404428724,15.795237003320926,"{'n_committees': 20, 'neighbors': None}"
Konkan,41 inputs,Cubist_tuned,K,1772,-0.0024177378833905028,363.336463158339,239.4960068206156,"{'n_committees': 20, 'neighbors': None}"
Konkan,41 inputs,Cubist_tuned,OC,1772,0.062373971804519535,0.6620047603738667,0.5040883119576522,"{'n_committees': 20, 'neighbors': None}"
Konkan,41 + elev + climate,Cubist_tuned,N,1772,0.4586338254742377,232.07862886144594,165.66278497116335,"{'n_committees': 20, 'neighbors': None}"
Konkan,41 + elev + climate,Cubist_tuned,P,1772,0.019548032725516085,28.568150230182518,15.216547911640582,"{'n_committees': 20, 'neighbors': None}"
Konkan,41 + elev + climate,Cubist_tuned,K,1772,0.03594903403605154,356.31541384243695,234.35145725417362,"{'n_committees': 20, 'neighbors': None}"
Konkan,41 + elev + climate,Cubist_tuned,OC,1772,0.13576598132374962,0.6355679133337797,0.474542045550204,"{'n_committees': 20, 'neighbors': None}"
Vidarbha,41 inputs,ExtraTrees_tuned,N,3561,0.13113865333577235,90.26082565224779,65.06517187550887,"{'max_features': 0.5, 'min_samples_leaf': 3}"
Vidarbha,41 inputs,ExtraTrees_tuned,P,3561,0.02004170187980925,18.268615941682064,9.981773132837898,"{'max_features': 0.5, 'min_samples_leaf': 3}"
Vidarbha,41 inputs,ExtraTrees_tuned,K,3561,0.23806458535622743,299.6025223227485,191.935421687218,"{'max_features': 0.5, 'min_samples_leaf': 3}"
Vidarbha,41 inputs,ExtraTrees_tuned,OC,3561,0.04953095820455922,0.25560728300951324,0.17876141787977173,"{'max_features': 0.5, 'min_samples_leaf': 15}"
Vidarbha,41 + elev + climate,ExtraTrees_tuned,N,3561,0.33333291948905075,79.06396108841834,55.91000086309085,"{'max_features': 0.5, 'min_samples_leaf': 3}"
Vidarbha,41 + elev + climate,ExtraTrees_tuned,P,3561,0.19349600970581138,16.57315181413442,8.504754543500306,"{'max_features': 0.5, 'min_samples_leaf': 3}"
Vidarbha,41 + elev + climate,ExtraTrees_tuned,K,3561,0.4488093165094378,254.82223439403634,162.10904209724163,"{'max_features': 0.5, 'min_samples_leaf': 3}"
Vidarbha,41 + elev + climate,ExtraTrees_tuned,OC,3561,0.21430612495586276,0.23239721533584318,0.159749607194082,"{'max_features': 0.5, 'min_samples_leaf': 3}"
Marathwada,41 inputs,ExtraTrees_tuned,N,3838,0.1259917465391316,65.69686079438068,46.757689771571485,"{'max_features': 0.5, 'min_samples_leaf': 3}"
Marathwada,41 inputs,ExtraTrees_tuned,P,3838,0.19100694801100948,13.104986346893442,6.029310544994403,"{'max_features': 0.5, 'min_samples_leaf': 3}"
Marathwada,41 inputs,ExtraTrees_tuned,K,3838,0.011245580013918066,181.62720590951216,139.7983210073551,"{'max_features': 0.5, 'min_samples_leaf': 15}"
Marathwada,41 inputs,ExtraTrees_tuned,OC,3838,0.023627993145339587,0.13750686282305175,0.09228265921892875,"{'max_features': 0.5, 'min_samples_leaf': 3}"
Marathwada,41 + elev + climate,ExtraTrees_tuned,N,3838,0.4907263428066566,50.14902078404273,35.29757258472709,"{'max_features': 0.5, 'min_samples_leaf': 3}"
Marathwada,41 + elev + climate,ExtraTrees_tuned,P,3838,0.5177395496481454,10.118240563741892,4.307804700354866,"{'max_features': 0.5, 'min_samples_leaf': 3}"
Marathwada,41 + elev + climate,ExtraTrees_tuned,K,3838,0.2213066012119801,161.1832578539958,117.25000844221668,"{'max_features': 0.5, 'min_samples_leaf': 3}"
Marathwada,41 + elev + climate,ExtraTrees_tuned,OC,3838,0.13710315750525548,0.1292695253203842,0.0833092532522934,"{'max_features': 0.5, 'min_samples_leaf': 3}"
North MH,41 inputs,ExtraTrees_tuned,N,5373,0.01798978015566033,62.33312539280193,44.522046985048036,"{'max_features': 0.5, 'min_samples_leaf': 3}"
North MH,41 inputs,ExtraTrees_tuned,P,5373,0.006700863740093155,21.915451995800904,10.234428454912576,"{'max_features': 0.5, 'min_samples_leaf': 15}"
North MH,41 inputs,ExtraTrees_tuned,K,5373,0.0004523823548607808,142.9683698441819,104.79309370930628,"{'max_features': 0.5, 'min_samples_leaf': 3}"
North MH,41 inputs,ExtraTrees_tuned,OC,5373,0.10442305426326726,0.33212341394979417,0.20095533222696543,"{'max_features': 0.5, 'min_samples_leaf': 3}"
North MH,41 + elev + climate,ExtraTrees_tuned,N,5373,0.29659790917945106,52.75489059404028,37.83140382077485,"{'max_features': 0.5, 'min_samples_leaf': 3}"
North MH,41 + elev + climate,ExtraTrees_tuned,P,5373,0.2514403822378549,19.024953354605334,8.983712550088597,"{'max_features': 0.5, 'min_samples_leaf': 3}"
North MH,41 + elev + climate,ExtraTrees_tuned,K,5373,0.26052530024944565,122.97020044546986,82.00921061695657,"{'max_features': 0.5, 'min_samples_leaf': 3}"
North MH,41 + elev + climate,ExtraTrees_tuned,OC,5373,0.28349950532035595,0.2970682843752772,0.18051992736520062,"{'max_features': 0.5, 'min_samples_leaf': 3}"
Western MH,41 inputs,ExtraTrees_tuned,N,2729,0.20389762715811977,108.35071000887135,78.29344343227476,"{'max_features': 0.5, 'min_samples_leaf': 3}"
Western MH,41 inputs,ExtraTrees_tuned,P,2729,0.18496514410764153,37.47898119924184,19.639529846693463,"{'max_features': 0.5, 'min_samples_leaf': 3}"
Western MH,41 inputs,ExtraTrees_tuned,K,2729,-0.02994418265804999,232.87246175266756,165.8702624304019,"{'max_features': 0.2, 'min_samples_leaf': 15}"
Western MH,41 inputs,ExtraTrees_tuned,OC,2729,0.16046748592099902,0.26448516192487137,0.1977398770051875,"{'max_features': 0.5, 'min_samples_leaf': 3}"
Western MH,41 + elev + climate,ExtraTrees_tuned,N,2729,0.4636017987328993,88.9387371936257,54.82485438887451,"{'max_features': 0.5, 'min_samples_leaf': 3}"
Western MH,41 + elev + climate,ExtraTrees_tuned,P,2729,0.3493703943966374,33.48625624734867,17.087755790069608,"{'max_features': 0.5, 'min_samples_leaf': 3}"
Western MH,41 + elev + climate,ExtraTrees_tuned,K,2729,-0.02595630885130662,232.42119134229105,165.28798658361143,"{'max_features': 0.2, 'min_samples_leaf': 15}"
Western MH,41 + elev + climate,ExtraTrees_tuned,OC,2729,0.45273691644460945,0.21354068361356868,0.14862822808362605,"{'max_features': 0.5, 'min_samples_leaf': 3}"
Konkan,41 inputs,ExtraTrees_tuned,N,1772,0.12339731063869575,295.31872918305714,227.66129457131538,"{'max_features': 0.5, 'min_samples_leaf': 3}"
Konkan,41 inputs,ExtraTrees_tuned,P,1772,-0.01590513233169366,29.080075989706195,15.55657573771061,"{'max_features': 0.2, 'min_samples_leaf': 3}"
Konkan,41 inputs,ExtraTrees_tuned,K,1772,-0.03500081458415316,369.19427561137127,241.53947473718756,"{'max_features': 0.5, 'min_samples_leaf': 3}"
Konkan,41 inputs,ExtraTrees_tuned,OC,1772,0.06215968055200094,0.6620804055247179,0.5147268169212945,"{'max_features': 0.5, 'min_samples_leaf': 3}"
Konkan,41 + elev + climate,ExtraTrees_tuned,N,1772,0.45823212537127644,232.164715438524,168.59992748073182,"{'max_features': 0.5, 'min_samples_leaf': 3}"
Konkan,41 + elev + climate,ExtraTrees_tuned,P,1772,0.00982323139499175,28.709479988470402,14.99966550382752,"{'max_features': 0.5, 'min_samples_leaf': 15}"
Konkan,41 + elev + climate,ExtraTrees_tuned,K,1772,0.022024356742648465,358.87948431257246,230.71596572699247,"{'max_features': 0.5, 'min_samples_leaf': 3}"
Konkan,41 + elev + climate,ExtraTrees_tuned,OC,1772,0.20226486439166858,0.6106264964079148,0.4686410691237982,"{'max_features': 0.5, 'min_samples_leaf': 3}"
Vidarbha,41 inputs,RandomForest_tuned,N,3561,0.14254506941138045,89.66639600431581,64.0677717962399,"{'max_features': 0.2, 'min_samples_leaf': 15}"
Vidarbha,41 inputs,RandomForest_tuned,P,3561,0.02829492251575294,18.19152402904272,9.840900052048687,"{'max_features': 0.5, 'min_samples_leaf': 15}"
Vidarbha,41 inputs,RandomForest_tuned,K,3561,0.24013566812356035,299.1950574359786,191.25177061580092,"{'max_features': 0.5, 'min_samples_leaf': 3}"
Vidarbha,41 inputs,RandomForest_tuned,OC,3561,0.05707162011680167,0.25459131817004427,0.1782054292394082,"{'max_features': 0.5, 'min_samples_leaf': 3}"
Vidarbha,41 + elev + climate,RandomForest_tuned,N,3561,0.3242420328143899,79.60120657502203,55.89200347695566,"{'max_features': 0.2, 'min_samples_leaf': 3}"
Vidarbha,41 + elev + climate,RandomForest_tuned,P,3561,0.1888944383261184,16.62036427106775,8.514044263401098,"{'max_features': 0.5, 'min_samples_leaf': 3}"
Vidarbha,41 + elev + climate,RandomForest_tuned,K,3561,0.4573885557193256,252.83131295826698,161.04623967249108,"{'max_features': 0.5, 'min_samples_leaf': 3}"
Vidarbha,41 + elev + climate,RandomForest_tuned,OC,3561,0.24305429012107838,0.22810594386309935,0.15857308537089662,"{'max_features': 0.2, 'min_samples_leaf': 3}"
Marathwada,41 inputs,RandomForest_tuned,N,3838,0.12452778737409897,65.75185871950237,46.90452355737727,"{'max_features': 0.5, 'min_samples_leaf': 3}"
Marathwada,41 inputs,RandomForest_tuned,P,3838,0.21455182459230282,12.912874928505442,5.909823136606426,"{'max_features': 0.5, 'min_samples_leaf': 3}"
Marathwada,41 inputs,RandomForest_tuned,K,3838,0.00892283872775379,181.8404163540043,138.82496139550778,"{'max_features': 0.2, 'min_samples_leaf': 15}"
Marathwada,41 inputs,RandomForest_tuned,OC,3838,0.022102617833132943,0.13761423363760888,0.09221241219450522,"{'max_features': 0.5, 'min_samples_leaf': 3}"
Marathwada,41 + elev + climate,RandomForest_tuned,N,3838,0.4361464197168402,52.767925691242546,36.68607632036468,"{'max_features': 0.5, 'min_samples_leaf': 3}"
Marathwada,41 + elev + climate,RandomForest_tuned,P,3838,0.5377438106625374,9.906164702033372,4.209171826363589,"{'max_features': 0.5, 'min_samples_leaf': 3}"
Marathwada,41 + elev + climate,RandomForest_tuned,K,3838,0.19946822415725463,163.42781360980257,118.6975261018914,"{'max_features': 0.5, 'min_samples_leaf': 3}"
Marathwada,41 + elev + climate,RandomForest_tuned,OC,3838,0.12551589966412113,0.13013456748234983,0.084119937227996,"{'max_features': 0.5, 'min_samples_leaf': 3}"
North MH,41 inputs,RandomForest_tuned,N,5373,0.03756025604020519,61.708881357717466,44.13633126483888,"{'max_features': 0.5, 'min_samples_leaf': 15}"
North MH,41 inputs,RandomForest_tuned,P,5373,0.03669294921617339,21.58205389920368,10.113874909151967,"{'max_features': 0.5, 'min_samples_leaf': 15}"
North MH,41 inputs,RandomForest_tuned,K,5373,0.009426405910138658,142.32513173308945,103.13991667902468,"{'max_features': 0.2, 'min_samples_leaf': 15}"
North MH,41 inputs,RandomForest_tuned,OC,5373,0.10253990170864402,0.3324724127834205,0.20103910032818753,"{'max_features': 0.2, 'min_samples_leaf': 15}"
North MH,41 + elev + climate,RandomForest_tuned,N,5373,0.3378826851610748,51.183310442775095,36.7169177885901,"{'max_features': 0.5, 'min_samples_leaf': 15}"
North MH,41 + elev + climate,RandomForest_tuned,P,5373,0.2735695686736256,18.741632509674957,8.884111118081229,"{'max_features': 0.5, 'min_samples_leaf': 3}"
North MH,41 + elev + climate,RandomForest_tuned,K,5373,0.26882188565848497,122.27841844125813,81.38466200376217,"{'max_features': 0.5, 'min_samples_leaf': 3}"
North MH,41 + elev + climate,RandomForest_tuned,OC,5373,0.3363763311976177,0.2858965893496529,0.17387869399392944,"{'max_features': 0.5, 'min_samples_leaf': 3}"
Western MH,41 inputs,RandomForest_tuned,N,2729,0.22296826612615228,107.04507239250185,76.81081503755475,"{'max_features': 0.5, 'min_samples_leaf': 3}"
Western MH,41 inputs,RandomForest_tuned,P,2729,0.21601462505886282,36.75815174380715,19.138653620609524,"{'max_features': 0.2, 'min_samples_leaf': 3}"
Western MH,41 inputs,RandomForest_tuned,K,2729,-0.026758663275179506,232.51205667617015,166.8780908889793,"{'max_features': 0.2, 'min_samples_leaf': 15}"
Western MH,41 inputs,RandomForest_tuned,OC,2729,0.16705880878587287,0.2634448553732543,0.19722985154015638,"{'max_features': 0.2, 'min_samples_leaf': 3}"
Western MH,41 + elev + climate,RandomForest_tuned,N,2729,0.4377091734599803,91.06003261163006,55.95698080081023,"{'max_features': 0.5, 'min_samples_leaf': 15}"
Western MH,41 + elev + climate,RandomForest_tuned,P,2729,0.31559155271707773,34.34451329865228,17.620808284451144,"{'max_features': 0.5, 'min_samples_leaf': 3}"
Western MH,41 + elev + climate,RandomForest_tuned,K,2729,-0.0137405331182614,231.03336068013147,164.68174664406536,"{'max_features': 0.5, 'min_samples_leaf': 15}"
Western MH,41 + elev + climate,RandomForest_tuned,OC,2729,0.4474043642225962,0.21457853578089972,0.14846304565633048,"{'max_features': 0.5, 'min_samples_leaf': 3}"
Konkan,41 inputs,RandomForest_tuned,N,1772,0.13965809518165584,292.56685949560557,222.99167537599683,"{'max_features': 0.2, 'min_samples_leaf': 15}"
Konkan,41 inputs,RandomForest_tuned,P,1772,0.01282030833532155,28.66599799010358,15.334915366862289,"{'max_features': 0.5, 'min_samples_leaf': 3}"
Konkan,41 inputs,RandomForest_tuned,K,1772,-0.023386183843919328,367.11690857759703,238.91798592525936,"{'max_features': 0.2, 'min_samples_leaf': 3}"
Konkan,41 inputs,RandomForest_tuned,OC,1772,0.09267331834647319,0.651220594151298,0.5024143134201987,"{'max_features': 0.5, 'min_samples_leaf': 15}"
Konkan,41 + elev + climate,RandomForest_tuned,N,1772,0.46275726641101445,231.1930990956826,164.18193852759606,"{'max_features': 0.5, 'min_samples_leaf': 3}"
Konkan,41 + elev + climate,RandomForest_tuned,P,1772,0.027599731444276188,28.450604269650093,14.788796378137814,"{'max_features': 0.2, 'min_samples_leaf': 15}"
Konkan,41 + elev + climate,RandomForest_tuned,K,1772,0.03401506902146634,356.67263369727806,230.7448344821719,"{'max_features': 0.2, 'min_samples_leaf': 15}"
Konkan,41 + elev + climate,RandomForest_tuned,OC,1772,0.18843667834575484,0.6158961517570832,0.46490221939838194,"{'max_features': 0.2, 'min_samples_leaf': 3}"
