target,stage2_features,R2_district_only,R2_two_stage,R2_within_district
N,T_terrain,0.6235450607003612,0.61788404230824,-0.03602992159186602
N,C_fusion,0.6235450607003612,0.6171745285992036,-0.008350124932790637
N,CT_fusion_terrain,0.6235450607003612,0.6357553204678348,0.038517838929390646
N,DT_fusion_terrain_GPS,0.6235450607003612,0.6673546462195937,0.12261885911481152
P,T_terrain,0.3789955434436817,0.3546044690485294,-0.0669741552448404
P,C_fusion,0.3789955434436817,0.38743952784973346,-0.012068524851025053
P,CT_fusion_terrain,0.3789955434436817,0.37935992904744475,0.0016644582100776573
P,DT_fusion_terrain_GPS,0.3789955434436817,0.40274932954531417,0.05806514712341182
K,T_terrain,0.37338757200511574,0.356664622615255,-0.040346542332275526
K,C_fusion,0.37338757200511574,0.3644348582656626,-0.015030049912433174
K,CT_fusion_terrain,0.37338757200511574,0.37596962710126014,0.0026388888568673607
K,DT_fusion_terrain_GPS,0.37338757200511574,0.39070616353534837,0.0220243563342003
OC,T_terrain,0.6085137859755156,0.5891545819081803,-0.05000747573702924
OC,C_fusion,0.6085137859755156,0.607653237292024,-0.0055333483475144
OC,CT_fusion_terrain,0.6085137859755156,0.6098405980055537,0.007824437814499485
OC,DT_fusion_terrain_GPS,0.6085137859755156,0.6202920815917381,0.03796251609029888
