design,train,test,target,R2,RMSE,bias,true_mean
leave_one_region_out,all except Vidarbha,Vidarbha,N,-0.06898241859233112,100.11734972708464,15.135850502106877,192.38729438921652
leave_one_region_out,all except Vidarbha,Vidarbha,P,-0.1642957564394043,19.912853823068396,-5.5583357327665865,21.8957261207526
leave_one_region_out,all except Vidarbha,Vidarbha,K,-0.06939352979879754,354.9401768871314,-138.66807748428778,506.1865146447627
leave_one_region_out,all except Vidarbha,Vidarbha,OC,-0.8781550964732008,0.35931054469240165,0.09194405724180438,0.4940083791033733
leave_one_region_out,all except Marathwada,Marathwada,N,-0.6465334400110347,90.17208855499737,-40.01357907673648,198.34735937471936
leave_one_region_out,all except Marathwada,Marathwada,P,-0.09924163351384618,15.276039102740944,4.977365844822652,15.896002578016718
leave_one_region_out,all except Marathwada,Marathwada,K,-0.2798342840862089,206.63960020342932,-77.33689039376668,469.19648392342674
leave_one_region_out,all except Marathwada,Marathwada,OC,-1.7587730044529377,0.2311397812736495,0.15610355349098365,0.3890818598359164
leave_one_region_out,all except North MH,North MH,N,-0.35321007077667166,73.17176145286079,-25.961133025223802,201.69906299795272
leave_one_region_out,all except North MH,North MH,P,-0.15691602651932457,23.651643372758862,-4.146190687008399,24.122299690648315
leave_one_region_out,all except North MH,North MH,K,-0.5963756404717271,180.67820494966708,91.1132673377927,316.3624393969849
leave_one_region_out,all except North MH,North MH,OC,-0.1784030760014923,0.38097368137740617,-0.10626633018296638,0.5823814068600844
leave_one_region_out,all except Western MH,Western MH,N,0.011709052004583498,120.7229143574006,-12.572142455771399,194.8652923246446
leave_one_region_out,all except Western MH,Western MH,P,-0.2525951990793289,46.46276564422181,-18.910540159814236,35.90327512283938
leave_one_region_out,all except Western MH,Western MH,K,-0.1034710056867374,241.04146205433207,-67.86167326602413,406.51867704885046
leave_one_region_out,all except Western MH,Western MH,OC,-0.3822188682595473,0.33936805600091824,0.1569583285877349,0.4468574554520232
leave_one_region_out,all except Konkan,Konkan,N,-0.8277282898255698,426.4277005637768,-286.5411574945757,489.95026448957105
leave_one_region_out,all except Konkan,Konkan,P,-0.07050069361730604,29.851244140739837,-7.312666365252337,24.80599192099323
leave_one_region_out,all except Konkan,Konkan,K,-0.4993423705720814,444.3600632105379,-254.0662646110208,496.0238525444696
leave_one_region_out,all except Konkan,Konkan,OC,-1.1904648991134001,1.0118460349107592,-0.7504203489705616,1.3317482745485327
train_one_test_one,Vidarbha,Vidarbha,N,0.17725952492122454,87.83255067149699,-19.484576887862602,192.38729438921652
train_one_test_one,Vidarbha,Marathwada,N,-0.4069129806911964,83.35285300885478,-37.03810563281232,198.34735937471936
train_one_test_one,Vidarbha,North MH,N,-0.4718535972807041,76.31206506695672,-37.08266767077433,201.69906299795272
train_one_test_one,Vidarbha,Western MH,N,-0.0926325744755927,126.93587303024293,-36.487209574296315,194.8652923246446
train_one_test_one,Vidarbha,Konkan,N,-0.9995650309709372,446.0231063866087,-318.0466285543047,489.95026448957105
train_one_test_one,Vidarbha,Vidarbha,P,0.05377627644096772,17.951418205712756,-4.185051017508876,21.8957261207526
train_one_test_one,Vidarbha,Marathwada,P,-0.17631115146327447,15.802481262869378,2.4113850967039614,15.896002578016718
train_one_test_one,Vidarbha,North MH,P,-0.1392608012393486,23.470480493853174,-6.678490989128477,24.122299690648315
train_one_test_one,Vidarbha,Western MH,P,-0.23626424157434234,46.15888818341461,-19.482547813918398,35.90327512283938
train_one_test_one,Vidarbha,Konkan,P,-0.1400998720591935,30.806361567563,-11.081255938840147,24.80599192099323
train_one_test_one,Vidarbha,Vidarbha,K,0.27455741679547463,292.3397746076743,-59.626511989565415,506.1865146447627
train_one_test_one,Vidarbha,Marathwada,K,-1.4810987385830359,287.7124842615419,163.57872055585392,469.19648392342674
train_one_test_one,Vidarbha,North MH,K,-3.589665909694804,306.3576700305156,209.77214942066144,316.3624393969849
train_one_test_one,Vidarbha,Western MH,K,-2.0548463051549892,401.0568812296127,290.8745062499215,406.51867704885046
train_one_test_one,Vidarbha,Konkan,K,-0.3467406022742756,421.140093937167,-215.02901829894842,496.0238525444696
train_one_test_one,Vidarbha,Vidarbha,OC,0.15036924770765314,0.2416681111674556,-0.015391936471470469,0.4940083791033733
train_one_test_one,Vidarbha,Marathwada,OC,-3.2909216216707,0.28826505958569576,0.23575096278635838,0.3890818598359164
train_one_test_one,Vidarbha,North MH,OC,0.08695121498735991,0.33534746850968905,-0.062405126937942534,0.5823814068600844
train_one_test_one,Vidarbha,Western MH,OC,-0.5608880041877011,0.360635457094925,0.2131733992785167,0.4468574554520232
train_one_test_one,Vidarbha,Konkan,OC,-1.415004883616425,1.0624421492046423,-0.812965599467366,1.3317482745485327
train_one_test_one,Marathwada,Marathwada,N,0.23573753463371627,61.43390427167467,-8.99035346611177,198.34735937471936
train_one_test_one,Marathwada,Vidarbha,N,-0.08765670885451393,100.9880496394598,23.19491890759835,192.38729438921652
train_one_test_one,Marathwada,North MH,N,-0.2190026290667848,69.44855603902242,-7.092588906487521,201.69906299795272
train_one_test_one,Marathwada,Western MH,N,-0.3107822519130008,139.03129837730836,-34.26430557631565,194.8652923246446
train_one_test_one,Marathwada,Konkan,N,-0.7057766400707313,411.95584847929473,-262.9098573702422,489.95026448957105
train_one_test_one,Marathwada,Marathwada,P,0.2522409332165836,12.599259495923965,-2.143988513690612,15.896002578016718
train_one_test_one,Marathwada,Vidarbha,P,-0.24963307035223448,20.629709067018435,-9.086053403427428,21.8957261207526
train_one_test_one,Marathwada,North MH,P,-0.1601483094226246,23.68466023744577,-10.12978155969806,24.122299690648315
train_one_test_one,Marathwada,Western MH,P,-0.37136931254705363,48.61573982910531,-23.433929932489555,35.90327512283938
train_one_test_one,Marathwada,Konkan,P,-0.16545510719774303,31.147036696464642,-12.086444013724735,24.80599192099323
train_one_test_one,Marathwada,Marathwada,K,0.06172634805844002,176.92998612133044,-28.099381679434146,469.19648392342674
train_one_test_one,Marathwada,Vidarbha,K,-0.09207084778016439,358.6838249290044,-6.1101742521086635,506.1865146447627
train_one_test_one,Marathwada,North MH,K,-1.0472418151743885,204.608086019374,138.68264276892398,316.3624393969849
train_one_test_one,Marathwada,Western MH,K,-0.02256377462369419,232.03659905922888,9.350023480386653,406.51867704885046
train_one_test_one,Marathwada,Konkan,K,-0.00424244756223513,363.6670050579732,-7.154792252350944,496.0238525444696
train_one_test_one,Marathwada,Marathwada,OC,0.05200390507792241,0.1354939763847211,-0.0042419065521381305,0.3890818598359164
train_one_test_one,Marathwada,Vidarbha,OC,-0.11374185931196745,0.2766919393906737,-0.007356620537835423,0.4940083791033733
train_one_test_one,Marathwada,North MH,OC,-0.19585996155890717,0.38378518292465563,-0.11212295661481952,0.5823814068600844
train_one_test_one,Marathwada,Western MH,OC,-0.03919656615820011,0.2942601172220911,-0.047671305295562294,0.4468574554520232
train_one_test_one,Marathwada,Konkan,OC,-1.3284437803528042,1.0432278279243699,-0.7819201098272446,1.3317482745485327
train_one_test_one,North MH,North MH,N,0.08153183530611241,60.28273573221613,-8.796209621308407,201.69906299795272
train_one_test_one,North MH,Vidarbha,N,0.02206387403179455,95.7589351898151,-0.4309294627708482,192.38729438921652
train_one_test_one,North MH,Marathwada,N,-0.05951464696187103,72.33364220567087,-19.404811765950342,198.34735937471936
train_one_test_one,North MH,Western MH,N,0.04067461693053542,118.94063977979437,-11.776483624527032,194.8652923246446
train_one_test_one,North MH,Konkan,N,-0.699566115274348,411.205224111792,-267.72622154151907,489.95026448957105
train_one_test_one,North MH,North MH,P,0.1041788409124702,20.812347152538873,-3.881892804810679,24.122299690648315
train_one_test_one,North MH,Vidarbha,P,-0.14642729277203803,19.759461592783016,-2.9388294610464314,21.8957261207526
train_one_test_one,North MH,Marathwada,P,-0.175048088481786,15.793995034615165,6.987878539629142,15.896002578016718
train_one_test_one,North MH,Western MH,P,-0.18490870917178404,45.189978167713505,-12.282570953954597,35.90327512283938
train_one_test_one,North MH,Konkan,P,-0.045237924722564715,29.496911105205132,-1.1348432691993828,24.80599192099323
train_one_test_one,North MH,North MH,K,0.11714605764962771,134.36391559274426,-25.02104962614169,316.3624393969849
train_one_test_one,North MH,Vidarbha,K,-0.26423029391108255,385.9219510631287,-200.01971295487465,506.1865146447627
train_one_test_one,North MH,Marathwada,K,-1.0056308310402176,258.6796004877715,-177.56181419671702,469.19648392342674
train_one_test_one,North MH,Western MH,K,-0.3590298295007013,267.50123065957115,-140.28987480116098,406.51867704885046
train_one_test_one,North MH,Konkan,K,-0.5298528080219356,448.8584824556985,-258.0273588897355,496.0238525444696
train_one_test_one,North MH,North MH,OC,0.21270310626722622,0.31139906898256214,-0.02363008870727168,0.5823814068600844
train_one_test_one,North MH,Vidarbha,OC,-0.011853439570142843,0.2637321299621251,0.03793183037346409,0.4940083791033733
train_one_test_one,North MH,Marathwada,OC,-4.325795199224416,0.3211507533313033,0.2513067667174054,0.3890818598359164
train_one_test_one,North MH,Western MH,OC,-0.901230351241858,0.398015441609928,0.2582331832672912,0.4468574554520232
train_one_test_one,North MH,Konkan,OC,-0.8827323798191153,0.9380815208589809,-0.652038234768809,1.3317482745485327
train_one_test_one,Western MH,Western MH,N,0.3646781789427347,96.7930530027772,-16.59927064367571,194.8652923246446
train_one_test_one,Western MH,Vidarbha,N,-1.4016746134046922,150.06559933595935,-110.92937243175034,192.38729438921652
train_one_test_one,Western MH,Marathwada,N,-2.818794475010122,137.3251221390841,-81.96548059249794,198.34735937471936
train_one_test_one,Western MH,North MH,N,-2.8325272649382023,123.14124094301512,-85.35418054482948,201.69906299795272
train_one_test_one,Western MH,Konkan,N,-1.5211871460204627,500.8320737017573,-389.35302973190176,489.95026448957105
train_one_test_one,Western MH,Western MH,P,0.2399976523578563,36.191547441503715,-8.753630816197969,35.90327512283938
train_one_test_one,Western MH,Vidarbha,P,-0.41699711059975386,21.967788099634735,0.3269549179850415,21.8957261207526
train_one_test_one,Western MH,Marathwada,P,-0.1612200730269182,15.700787806651988,1.995191173001965,15.896002578016718
train_one_test_one,Western MH,North MH,P,-0.2936441231499336,25.010237349407298,-3.1027706044708125,24.122299690648315
train_one_test_one,Western MH,Konkan,P,-0.4305654920704143,34.508241783609954,13.934164091668656,24.80599192099323
train_one_test_one,Western MH,Western MH,K,-0.037497396179460685,233.72480034966043,-53.58152588405011,406.51867704885046
train_one_test_one,Western MH,Vidarbha,K,-0.11831661403792015,362.968363868307,-130.40991945354955,506.1865146447627
train_one_test_one,Western MH,Marathwada,K,-0.32164754716429744,209.98801593109107,-96.08961401488676,469.19648392342674
train_one_test_one,Western MH,North MH,K,-0.26778575018977646,161.01307868507175,63.642008609683444,316.3624393969849
train_one_test_one,Western MH,Konkan,K,-0.2140034480370343,399.8476730554253,-177.08288901579596,496.0238525444696
train_one_test_one,Western MH,Western MH,OC,0.25773505590771684,0.2486921215016479,-0.020015333907773436,0.4468574554520232
train_one_test_one,Western MH,Vidarbha,OC,-0.004089950796097863,0.26271843379017856,-0.02651817967242487,0.4940083791033733
train_one_test_one,Western MH,Marathwada,OC,-0.33989342791556165,0.16108379127632666,0.04712439597945556,0.3890818598359164
train_one_test_one,Western MH,North MH,OC,-0.12331835627106269,0.3719627661261521,-0.13739121586987524,0.5823814068600844
train_one_test_one,Western MH,Konkan,OC,-1.2450491745158514,1.0243755734902973,-0.7698037994850667,1.3317482745485327
train_one_test_one,Konkan,Konkan,N,0.20425565888908814,281.3690802639756,-95.4263468871859,489.95026448957105
train_one_test_one,Konkan,Vidarbha,N,-3.176107652985497,197.8836471286453,163.29553054017643,192.38729438921652
train_one_test_one,Konkan,Marathwada,N,-5.662445549931178,181.38596820183633,144.49903901175776,198.34735937471936
train_one_test_one,Konkan,North MH,N,-8.132837577377249,190.09196772195884,161.5266387446757,201.69906299795272
train_one_test_one,Konkan,Western MH,N,-1.666173898348803,198.28576562835457,133.8942418770656,194.8652923246446
train_one_test_one,Konkan,Konkan,P,-0.0014321939844879061,28.87219048596424,-8.207179885030698,24.80599192099323
train_one_test_one,Konkan,Vidarbha,P,-0.012246902715694175,18.56714276120329,-2.7320811498517728,21.8957261207526
train_one_test_one,Konkan,Marathwada,P,-0.1798773934261586,15.82641745649406,5.735680658494912,15.896002578016718
train_one_test_one,Konkan,North MH,P,-0.04878277319766733,22.5192112968072,-2.2054354977529904,24.122299690648315
train_one_test_one,Konkan,Western MH,P,-0.17153319330535832,44.93419697425249,-14.467857870705203,35.90327512283938
train_one_test_one,Konkan,Konkan,K,0.024518377703508842,358.42158726298914,-98.81775699076735,496.0238525444696
train_one_test_one,Konkan,Vidarbha,K,-0.30902981420310804,392.70022885471315,-180.68967898889503,506.1865146447627
train_one_test_one,Konkan,Marathwada,K,-0.8313351486762974,247.18413807876686,-154.80333780699272,469.19648392342674
train_one_test_one,Konkan,North MH,K,-0.2064173294037257,157.0677435104127,-11.520385484430221,316.3624393969849
train_one_test_one,Konkan,Western MH,K,-0.19685450396884252,251.0336663368782,-98.53261722015617,406.51867704885046
train_one_test_one,Konkan,Konkan,OC,0.13362931675699463,0.6363530925192851,-0.07732280776923961,1.3317482745485327
train_one_test_one,Konkan,Vidarbha,OC,-8.027950272736591,0.7877688705115856,0.7385414084392543,0.4940083791033733
train_one_test_one,Konkan,Marathwada,OC,-35.88727039262187,0.8451912139650927,0.8282240415594391,0.3890818598359164
train_one_test_one,Konkan,North MH,OC,-2.9753355760707283,0.6997371607213012,0.6028475328733643,0.5823814068600844
train_one_test_one,Konkan,Western MH,OC,-8.562293620372067,0.8926137852218416,0.8363441814518484,0.4468574554520232
