region,target,n,train_R2_7030,test_R2_7030,spatial_cv_R2,inflation
Vidarbha,N,3561,0.7653498014818603,0.32378868512704295,0.1772595249212245,0.14652916020581847
Vidarbha,P,3561,0.6059647253221061,0.13669762752389825,0.0537762764409677,0.08292135108293056
Vidarbha,K,3561,0.791355473451084,0.4377968176986211,0.2745574167954746,0.16323940090314654
Vidarbha,OC,3561,0.7690306192665535,0.25923849082876804,0.1503692477076531,0.10886924312111496
Marathwada,N,3838,0.8094024400538213,0.3402612449538598,0.2357375346337165,0.10452371032014329
Marathwada,P,3838,0.6412085874777449,0.24203143920578296,0.2522409332165836,-0.010209494010800624
Marathwada,K,3838,0.7321392260064249,0.1489156148115821,0.0617263480584401,0.08718926675314201
Marathwada,OC,3838,0.7426464977982355,0.053063117808677895,0.0520039050779224,0.0010592127307554947
North MH,N,5373,0.7422671695945902,0.21870123262715102,0.0815318353061121,0.13716939732103892
North MH,P,5373,0.6346763003619654,0.22862804843786833,0.1041788409124702,0.12444920752539812
North MH,K,5373,0.7201440398179784,0.2619185053809172,0.1171460576496273,0.14477244773128992
North MH,OC,5373,0.7604489558246099,0.32017111836587897,0.2127031062672261,0.10746801209865287
Western MH,N,2729,0.7998076783315293,0.4541274427063453,0.3646781789427347,0.08944926376361062
Western MH,P,2729,0.7071829273785417,0.27886502651610423,0.2399976523578565,0.03886737415824773
Western MH,K,2729,0.6370197474079624,0.05425865716622447,-0.0374973961794606,0.09175605334568507
Western MH,OC,2729,0.7769938718775111,0.45799348344319335,0.2577350559077168,0.20025842753547657
Konkan,N,1772,0.8050519593177153,0.3213007398837604,0.2042556588890881,0.11704508099467231
Konkan,P,1772,0.535019266377202,0.10042720751390144,-0.0014321939844879,0.10185940149838935
Konkan,K,1772,0.6714017265551198,0.19723420301035244,0.0245183777035088,0.17271582530684365
Konkan,OC,1772,0.7917381377893016,0.29177266268026225,0.1336293167569946,0.15814334592326765
