model,target,accuracy,balanced_accuracy,macro_F1
majority_baseline,N,0.8059399062120072,0.3333333333333333,0.29751447928020347
KNN,N,0.8086609158802756,0.3868583700463717,0.39431842440642645
SVC,N,0.7046257164360563,0.6232857746951616,0.5304857863300815
RF,N,0.8215712383488681,0.5202273860435521,0.5298958893663069
majority_baseline,P,0.600590516991837,0.3333333333333333,0.2501537237313271
KNN,P,0.5996063220054421,0.3672187716402755,0.3359622731573256
SVC,P,0.48132924216986045,0.4933288754823653,0.4528296740966451
RF,P,0.6236322584380246,0.42930774276043526,0.43033287308981816
majority_baseline,K,0.7039309905633069,0.3333333333333333,0.27541451481380813
KNN,K,0.7172465697910033,0.3777363147742143,0.36807202652045795
SVC,K,0.5806171481502924,0.5146184193629205,0.43040580110794585
RF,K,0.7221675447229781,0.40289124096983014,0.4082121100336102
majority_baseline,OC,0.5752909164592138,0.3333333333333333,0.2434644125934093
KNN,OC,0.6255427545880855,0.45996223409079134,0.4527499742838776
SVC,OC,0.5833960516412898,0.5243260401716027,0.5222302645265133
RF,OC,0.6433740519886528,0.5134224263293387,0.5041956400257792
