region,features,target,n,spatial_cv_R2,test_R2_7030,train_R2_7030
Vidarbha,without_elev_41,N,3561,0.15034438791181992,0.27383938073190095,0.7471961521740265
Vidarbha,without_elev_41,P,3561,0.02539236878502582,0.09633438995553045,0.5801096673419885
Vidarbha,without_elev_41,K,3561,0.23898888717499833,0.3252036341335548,0.7543599410985936
Vidarbha,without_elev_41,OC,3561,0.060166243911059736,0.14176061870188006,0.726961088733596
Vidarbha,with_elev_42,N,3561,0.1844497066632529,0.32133499060238724,0.7653432825739693
Vidarbha,with_elev_42,P,3561,0.05402746142207049,0.1372756007910605,0.6079619103625007
Vidarbha,with_elev_42,K,3561,0.27407409262608684,0.4351148934005802,0.7899477874012609
Vidarbha,with_elev_42,OC,3561,0.14807652600352372,0.263134175755557,0.768743742921822
Marathwada,without_elev_41,N,3838,0.13427988105081778,0.2018730805503114,0.7627611208402185
Marathwada,without_elev_41,P,3838,0.21086483987859705,0.19536558046109498,0.6186856867655599
Marathwada,without_elev_41,K,3838,0.014195393114478372,0.0684159505822286,0.7142368510935873
Marathwada,without_elev_41,OC,3838,0.020497281531163147,0.02268629757337437,0.7297372634619816
Marathwada,with_elev_42,N,3838,0.2360871844675616,0.33288826207015876,0.8091433049162341
Marathwada,with_elev_42,P,3838,0.24928871924639062,0.250253836622508,0.649510006463913
Marathwada,with_elev_42,K,3838,0.05946463995104423,0.14448403461228487,0.7338445673126168
Marathwada,with_elev_42,OC,3838,0.053457003396882086,0.055055545959461605,0.7422841334231074
North MH,without_elev_41,N,5373,0.04174818990719342,0.13063581201499097,0.7183073438531825
North MH,without_elev_41,P,5373,0.04645593294808059,0.11440258839845019,0.5576767457221138
North MH,without_elev_41,K,5373,0.008527494829630222,0.13568495468761166,0.6835299185496364
North MH,without_elev_41,OC,5373,0.11233991056710202,0.1946775102599192,0.7038138717383486
North MH,with_elev_42,N,5373,0.08123865124536134,0.22103442527380002,0.7407699284002194
North MH,with_elev_42,P,5373,0.10165394995586474,0.22508033695839647,0.6382074047957248
North MH,with_elev_42,K,5373,0.11984826013647232,0.2604740019792654,0.716600686841089
North MH,with_elev_42,OC,5373,0.21186653022651447,0.319078673217448,0.7601790759262516
Western MH,without_elev_41,N,2729,0.2157060172418721,0.3110329417149812,0.7468610929126493
Western MH,without_elev_41,P,2729,0.22955101430813252,0.25048080394017525,0.6874293079409056
Western MH,without_elev_41,K,2729,-0.029678145481963458,0.04840814892847645,0.6335908460437294
Western MH,without_elev_41,OC,2729,0.17685733983494345,0.3674937878592449,0.7594518214902186
Western MH,with_elev_42,N,2729,0.36393845019763005,0.4521548528354248,0.8021713086577952
Western MH,with_elev_42,P,2729,0.24237603092935422,0.2758133123792428,0.7067662711033527
Western MH,with_elev_42,K,2729,-0.036677300746039476,0.04921500442530091,0.639634779576632
Western MH,with_elev_42,OC,2729,0.2649926136861498,0.4536594242169758,0.7784674091596981
Konkan,without_elev_41,N,1772,0.14123367322498492,0.26546603263564394,0.7797691797180915
Konkan,without_elev_41,P,1772,0.021764298254470793,0.07792008759478286,0.5235585876855342
Konkan,without_elev_41,K,1772,-0.021699426124059507,0.1255439800555278,0.6337105005637976
Konkan,without_elev_41,OC,1772,0.08901242906901508,0.21375799171924426,0.7727713862385054
Konkan,with_elev_42,N,1772,0.20914649635838,0.3206008474924552,0.8056697941498098
Konkan,with_elev_42,P,1772,-0.0026533286003935785,0.09881368655870115,0.5361498353892405
Konkan,with_elev_42,K,1772,0.01701414446366123,0.1814494089821529,0.6632855205858581
Konkan,with_elev_42,OC,1772,0.12191179606354563,0.2916285820254224,0.7940059920238601
