target,dist_km,range,pairs,semivariance,relative
N,0.05477225575051661,0.03-0.1 km,5813,0.04691680955441894,0.15710729669974074
N,0.15811388300841897,0.1-0.25 km,12337,0.05048133793561208,0.16904360318130565
N,0.3535533905932738,0.25-0.5 km,21842,0.05289352230830572,0.17712112954199494
N,0.7071067811865476,0.5-1 km,43868,0.05102091813083783,0.17085046060894699
N,1.4142135623730951,1-2 km,65543,0.05329839189338298,0.17847689023057403
N,3.1622776601683795,2-5 km,106931,0.07034028312001848,0.23554397315236145
N,7.071067811865475,5-10 km,12119,0.0793847716269531,0.26583066896248897
N,14.14213562373095,10-20 km,37399,0.09728469914721515,0.32577100272639875
N,31.622776601683793,20-50 km,195061,0.13482736524329517,0.4514877093241646
N,70.71067811865476,50-100 km,512889,0.17923753641206774,0.6002011875969315
N,141.4213562373095,100-200 km,1444620,0.28054128229564673,0.9394305131303756
N,282.842712474619,200-400 km,3439256,0.34233835397205026,1.1463663846708017
P,0.05477225575051661,0.03-0.1 km,5813,0.0997684287800879,0.21090120131404044
P,0.15811388300841897,0.1-0.25 km,12337,0.10242386045665858,0.21651453749106447
P,0.3535533905932738,0.25-0.5 km,21842,0.1073577842835067,0.22694439466129102
P,0.7071067811865476,0.5-1 km,43868,0.11478009860991797,0.24263447845945316
P,1.4142135623730951,1-2 km,65543,0.12644230863336603,0.26728730835760955
P,3.1622776601683795,2-5 km,106931,0.17603757395788108,0.37212709750056916
P,7.071067811865475,5-10 km,12119,0.20003732976875876,0.4228603544401425
P,14.14213562373095,10-20 km,37399,0.21681400757628927,0.4583246946821426
P,31.622776601683793,20-50 km,195061,0.29585726665631784,0.6254148102586853
P,70.71067811865476,50-100 km,512889,0.3542230699425879,0.7487947028684613
P,141.4213562373095,100-200 km,1444620,0.48152490454280306,1.0178989693678961
P,282.842712474619,200-400 km,3439256,0.4880722450206187,1.0317394396355701
K,0.05477225575051661,0.03-0.1 km,5813,0.0989851245529405,0.2924965750599002
K,0.15811388300841897,0.1-0.25 km,12337,0.10765853087658636,0.3181260992457535
K,0.3535533905932738,0.25-0.5 km,21842,0.11312263638231441,0.3342722843761931
K,0.7071067811865476,0.5-1 km,43868,0.1145443352867292,0.33847334046604355
K,1.4142135623730951,1-2 km,65543,0.12254493740568435,0.36211475859609576
K,3.1622776601683795,2-5 km,106931,0.14236136269319669,0.42067140084619203
K,7.071067811865475,5-10 km,12119,0.16539883443184214,0.48874608996767843
K,14.14213562373095,10-20 km,37399,0.17419038444965992,0.5147247234370356
K,31.622776601683793,20-50 km,195061,0.2068037010701048,0.6110956019494157
K,70.71067811865476,50-100 km,512889,0.25675399862989395,0.7586964765803018
K,141.4213562373095,100-200 km,1444620,0.33769795851695905,0.9978822243952664
K,282.842712474619,200-400 km,3439256,0.3599494324214698,1.0636343253952827
OC,0.05477225575051661,0.03-0.1 km,5813,0.008829309610179283,0.17773138196379612
OC,0.15811388300841897,0.1-0.25 km,12337,0.010086706075271507,0.2030423996179494
OC,0.3535533905932738,0.25-0.5 km,21842,0.009848614970379269,0.19824969634056083
OC,0.7071067811865476,0.5-1 km,43868,0.010318172727740006,0.20770175463414808
OC,1.4142135623730951,1-2 km,65543,0.01211370131564137,0.24384521220588148
OC,3.1622776601683795,2-5 km,106931,0.013942300301614755,0.2806543670756977
OC,7.071067811865475,5-10 km,12119,0.015900291563927037,0.32006815006532074
OC,14.14213562373095,10-20 km,37399,0.018696712339367517,0.376359270313081
OC,31.622776601683793,20-50 km,195061,0.02707998668590451,0.5451120948004992
OC,70.71067811865476,50-100 km,512889,0.03731638435611926,0.751167741797038
OC,141.4213562373095,100-200 km,1444620,0.049158827848709744,0.9895526145326916
OC,282.842712474619,200-400 km,3439256,0.055201045704688395,1.111180666677485
