range,features,target,model,n,R2_8020,RMSE_8020,sMAPE_8020,R2_spatial,RMSE_spatial,sMAPE_spatial
IBM value range,IBM-like (satellite + terrain + elevation + climate),N,MLR,438,0.46594172791540833,29.57492012297681,0.11592705973176773,0.28068436068471436,36.43618462953473,0.13415389171041617
IBM value range,IBM-like (satellite + terrain + elevation + climate),N,RFR,438,0.4718949909629674,29.409619155537786,0.10748758384320357,0.20718878477739922,38.2523424609047,0.1403285319329253
IBM value range,IBM-like (satellite + terrain + elevation + climate),N,GB,438,0.42549746761889407,30.674340270082755,0.11255672016464832,0.19190070731933195,38.619398558064674,0.1428575766447195
IBM value range,IBM-like (satellite + terrain + elevation + climate),N,SVR,438,0.11004101924036824,38.178094814707265,0.1321468033536881,0.05593750887750215,41.74202502408649,0.13847096277031362
IBM value range,"IBM-like + pH, EC",N,MLR,438,0.4294640876766628,30.568262231649694,0.11722317411469131,0.26030602599491615,36.948701717732085,0.13467573125061433
IBM value range,"IBM-like + pH, EC",N,RFR,438,0.520705289916135,28.01757705895317,0.10268493286702993,0.22898391618085556,37.72288169079829,0.13842393109843856
IBM value range,"IBM-like + pH, EC",N,GB,438,0.4660959882137814,29.570648524039132,0.10744293318660526,0.15363225240346035,39.52325417869535,0.14390145173312344
IBM value range,"IBM-like + pH, EC",N,SVR,438,0.1140818174776681,38.09132368629991,0.13100422184093627,0.06475964779643983,41.546530387080566,0.1380309665196597
IBM value range,IBM-like (satellite + terrain + elevation + climate),P,MLR,263,-0.07289096096878889,8.498486716180183,0.48251945436901844,-0.4085461448568135,8.910849684117101,0.4551045269531189
IBM value range,IBM-like (satellite + terrain + elevation + climate),P,RFR,263,0.1975377672648917,7.349809921162131,0.41479010749996537,-0.017936202234146936,7.57519571775563,0.3837869921969302
IBM value range,IBM-like (satellite + terrain + elevation + climate),P,GB,263,0.17618348609637424,7.446960553785946,0.410682987898752,-0.12424979766621647,7.960951664172417,0.38703674966464785
IBM value range,IBM-like (satellite + terrain + elevation + climate),P,SVR,263,-0.09823268851419398,8.598268242677253,0.4512849696371885,-0.0845323746414759,7.819065269434616,0.3808383363686783
IBM value range,"IBM-like + pH, EC",P,MLR,263,-0.16996485743378287,8.874629174746877,0.47258651512355204,-0.37724584064581945,8.81128629994033,0.4532003616602049
IBM value range,"IBM-like + pH, EC",P,RFR,263,0.2018841163915608,7.329878632431992,0.41492554956823735,0.024724164492980982,7.414763611202996,0.3758135864731514
IBM value range,"IBM-like + pH, EC",P,GB,263,0.19617775688403016,7.356035501474702,0.39844219026322814,-0.07196434272080521,7.773627887632952,0.3855450307910753
IBM value range,"IBM-like + pH, EC",P,SVR,263,-0.10980009552453329,8.643431323203444,0.4473654826598046,-0.06866768534180845,7.761665399698117,0.3774918701081917
IBM value range,IBM-like (satellite + terrain + elevation + climate),K,MLR,299,-0.18040830796023144,63.61535164338807,0.23783968497929506,-0.17521525550318184,63.43838257118752,0.22408048103758535
IBM value range,IBM-like (satellite + terrain + elevation + climate),K,RFR,299,0.05159237627107571,57.02211499436953,0.22131186826130195,0.005878280713622397,58.34628009938315,0.21715477636068511
IBM value range,IBM-like (satellite + terrain + elevation + climate),K,GB,299,-0.05990279902946871,60.28077440927153,0.2277720598576053,-0.20615543102973044,64.2680362240768,0.23327405204459759
IBM value range,IBM-like (satellite + terrain + elevation + climate),K,SVR,299,0.055758860036492885,56.89672417222701,0.21226118617242626,-0.06354600132274557,60.34920189102229,0.21456915998866238
IBM value range,"IBM-like + pH, EC",K,MLR,299,-0.3025811424354785,66.82642012350699,0.24265865959268054,-0.18017812762903818,63.57218992881806,0.22270072339431898
IBM value range,"IBM-like + pH, EC",K,RFR,299,0.07760812476722367,56.23459061436338,0.21393997327180778,0.09126055404795719,55.78444048183194,0.20566466412084888
IBM value range,"IBM-like + pH, EC",K,GB,299,-0.14331488929378033,62.607841784454344,0.2283750523381108,-0.1025575000074288,61.446056429892096,0.2226017855416607
IBM value range,"IBM-like + pH, EC",K,SVR,299,0.05957930884938123,56.78150395322349,0.21195947370326051,-0.05651032635777464,60.1492566557729,0.21383981524998394
IBM value range,IBM-like (satellite + terrain + elevation + climate),OC,MLR,357,-0.06285707880671199,0.30209774329876865,0.5642540642065017,-0.14085397845018277,0.28181889209542665,0.5680365497491573
IBM value range,IBM-like (satellite + terrain + elevation + climate),OC,RFR,357,0.2751920604466266,0.2494718326086521,0.4571410373435133,0.09298999739438418,0.25128184427523903,0.46049170536275197
IBM value range,IBM-like (satellite + terrain + elevation + climate),OC,GB,357,0.19771824448879727,0.26246627306027914,0.45005108485030615,-0.03280564438451816,0.2681417095944507,0.4766263907941279
IBM value range,IBM-like (satellite + terrain + elevation + climate),OC,SVR,357,0.039178713351251226,0.28723102924594374,0.508411007252501,0.030044631415411027,0.2598549225057667,0.468139466952959
IBM value range,"IBM-like + pH, EC",OC,MLR,357,-0.3591833502485098,0.3416245473885329,0.5671450672584061,-0.2596119493714941,0.2961238987176819,0.5907810525644336
IBM value range,"IBM-like + pH, EC",OC,RFR,357,0.2819403106320123,0.2483077758243458,0.4552946628829137,0.15878223830364768,0.24199661410145934,0.44876257209105597
IBM value range,"IBM-like + pH, EC",OC,GB,357,0.185988703426489,0.2643779692500398,0.4616132271311201,0.07402202376079192,0.2538957325290708,0.46091818869271306
IBM value range,"IBM-like + pH, EC",OC,SVR,357,0.004911773524278518,0.2923080934524151,0.5109187591044476,0.030523875369895537,0.259790718888164,0.47194672350766825
our full range,IBM-like (satellite + terrain + elevation + climate),N,MLR,723,0.12678857999494764,50.89373697710382,0.26775309415063514,0.13617912427965506,49.680198836615936,0.24934089920587083
our full range,IBM-like (satellite + terrain + elevation + climate),N,RFR,723,0.39536162855907586,42.34990983134438,0.21790303311120032,0.012707787006625448,53.1122051976986,0.2512698943391777
our full range,IBM-like (satellite + terrain + elevation + climate),N,GB,723,0.33494398018507654,44.41541783069534,0.22865877158537132,-0.2001278881828641,58.55786601480626,0.27639023248131794
our full range,IBM-like (satellite + terrain + elevation + climate),N,SVR,723,0.09300677474100416,51.86885476806181,0.24599789588801493,0.08097312722069727,51.24312218891933,0.23786461377108506
our full range,"IBM-like + pH, EC",N,MLR,723,0.12929441771974437,50.82066013208796,0.26738588049701556,0.10761866877331416,50.494806908306906,0.2538020379242121
our full range,"IBM-like + pH, EC",N,RFR,723,0.3967490927174896,42.301291738214694,0.21679016930698375,0.048619469243985414,52.13730848225681,0.24810926364607577
our full range,"IBM-like + pH, EC",N,GB,723,0.3537747153335947,43.78210224440404,0.2269430941808135,-0.11480418258745506,56.43789047846558,0.26362329292732806
our full range,"IBM-like + pH, EC",N,SVR,723,0.1034085473637546,51.57057037342334,0.2451031381167407,0.08792008025430142,51.04908061566126,0.23718148240356368
our full range,IBM-like (satellite + terrain + elevation + climate),P,MLR,723,0.09557520465104963,36.77745324657985,0.6127877998115591,-0.16478466899015953,39.77794547178669,0.6817154961000251
our full range,IBM-like (satellite + terrain + elevation + climate),P,RFR,723,0.4978832200185165,27.40297972974782,0.4527414803420481,0.22555426524342737,32.43508357573767,0.5257003037667591
our full range,IBM-like (satellite + terrain + elevation + climate),P,GB,723,0.43735734779404023,29.007596635318276,0.48423846593682157,0.04887817242763692,35.944926463690074,0.5527478322068821
our full range,IBM-like (satellite + terrain + elevation + climate),P,SVR,723,0.12112368419230046,36.25428149506019,0.6278323326022879,-0.016262266759635935,37.155441448699214,0.5923428933273445
our full range,"IBM-like + pH, EC",P,MLR,723,0.0958438382028538,36.77199099495359,0.6150534214843874,-0.22004234618734575,40.71055073485762,0.6898931861033016
our full range,"IBM-like + pH, EC",P,RFR,723,0.5182316360742454,26.841980770673047,0.44484918292447545,0.2395981834523876,32.1396466732943,0.5213519615083433
our full range,"IBM-like + pH, EC",P,GB,723,0.45968226146537217,28.42628033827641,0.48010422201593217,0.0958639273599291,35.045835942113506,0.5441355640957831
our full range,"IBM-like + pH, EC",P,SVR,723,0.12904904137109297,36.09044796422561,0.623097235591144,-0.01695089890597057,37.168027815070985,0.5923034593253114
our full range,IBM-like (satellite + terrain + elevation + climate),K,MLR,723,0.03105857406216539,150.04664252588756,0.5953952806989056,-0.23383248733317696,184.20748819995566,0.5796741064668306
our full range,IBM-like (satellite + terrain + elevation + climate),K,RFR,723,0.18232532905574994,137.8376284849356,0.4951144911857945,0.04343520406290413,162.19459473578186,0.5222266645699145
our full range,IBM-like (satellite + terrain + elevation + climate),K,GB,723,0.11132758176965052,143.69722142637502,0.5167003645947655,-0.07381595637291194,171.84785142077254,0.5583511677918132
our full range,IBM-like (satellite + terrain + elevation + climate),K,SVR,723,-0.009284626721133948,153.13848598019618,0.5733841342733487,-0.10390791727989646,174.2390939782178,0.5484289021291389
our full range,"IBM-like + pH, EC",K,MLR,723,0.055234819077454644,148.1628964656832,0.5753120459192801,-0.26669022322975033,186.64415299892931,0.5729251879801667
our full range,"IBM-like + pH, EC",K,RFR,723,0.2309114992384026,133.67976670038595,0.4950220524888061,0.04028221251857822,162.46168457032172,0.5149574142294976
our full range,"IBM-like + pH, EC",K,GB,723,0.12463415840203373,142.61733532792005,0.51320330398505,-0.03697377795822532,168.87410770498172,0.5195113296742453
our full range,"IBM-like + pH, EC",K,SVR,723,-0.0027918386759822056,152.6451167363514,0.5715735870252429,-0.10129312670474966,174.03261441408256,0.546841495202925
our full range,IBM-like (satellite + terrain + elevation + climate),OC,MLR,723,0.2339135197294857,0.5453448025493153,0.5374739352595684,-0.03397151052998315,0.6355850215095266,0.6087138730091107
our full range,IBM-like (satellite + terrain + elevation + climate),OC,RFR,723,0.3614279773322664,0.4978943785914595,0.4149534105949209,0.3220000505637962,0.5146763333490784,0.45738835769268105
our full range,IBM-like (satellite + terrain + elevation + climate),OC,GB,723,0.3457076838883816,0.5039856714279495,0.4429607500279562,0.2749969249359997,0.5322176731046144,0.45688283114141304
our full range,IBM-like (satellite + terrain + elevation + climate),OC,SVR,723,0.31280419709170626,0.5165026196427033,0.4732129800262128,0.18709236033438936,0.5635597529699542,0.5237502219362377
our full range,"IBM-like + pH, EC",OC,MLR,723,0.229142236473995,0.5470404046592668,0.5373283733697202,-0.042095804946346016,0.6380771483287555,0.6095563630619355
our full range,"IBM-like + pH, EC",OC,RFR,723,0.3761216950158459,0.492132698014973,0.410162710824022,0.30592660210760636,0.5207413530779775,0.4619227307626994
our full range,"IBM-like + pH, EC",OC,GB,723,0.3694775924801085,0.49474628515558405,0.4177711351746133,0.2463145927641237,0.5426432696411012,0.45769916353881046
our full range,"IBM-like + pH, EC",OC,SVR,723,0.31854168792520043,0.5143419250429073,0.4556358694871694,0.19512612429998588,0.5607680780694863,0.5116771796697842
