region,features,model,target,n,R2,RMSE,MAE,median_components,median_epochs
Vidarbha,41 inputs,RandomForest,N,3561,0.1503443879118197,89.25766645874415,63.89504402547569,,
Vidarbha,41 inputs,RandomForest,P,3561,0.0253923687850256,18.218673472418818,9.862731181877088,,
Vidarbha,41 inputs,RandomForest,K,3561,0.2389888871749985,299.4207436669518,191.10972977311295,,
Vidarbha,41 inputs,RandomForest,OC,3561,0.0601662439110597,0.2541731995411729,0.178034918895276,,
Vidarbha,41 inputs,ExtraTrees,N,3561,0.1431987863022247,89.63220900978341,64.59172750815192,,
Vidarbha,41 inputs,ExtraTrees,P,3561,0.0218914108956489,18.25136644009939,9.98082143056433,,
Vidarbha,41 inputs,ExtraTrees,K,3561,0.2366132928674619,299.88771974757174,192.03087403354817,,
Vidarbha,41 inputs,ExtraTrees,OC,3561,0.0512631179259432,0.2553742640863969,0.1787786965643286,,
Vidarbha,41 inputs,Cubist,N,3561,0.1498108228000602,89.2856879898325,64.38399693999773,,
Vidarbha,41 inputs,Cubist,P,3561,0.0281564378071154,18.19282028559759,9.9750447026926,,
Vidarbha,41 inputs,Cubist,K,3561,0.2685559136539827,293.54653059352205,190.1935520304755,,
Vidarbha,41 inputs,Cubist,OC,3561,0.0141476567343131,0.2603215806626209,0.1787901721399009,,
Vidarbha,41 inputs,DecisionTree,N,3561,-0.0328305077221509,98.40985505810532,71.96650923065162,,
Vidarbha,41 inputs,DecisionTree,P,3561,-0.0574763031777865,18.97742004934101,10.942010891047843,,
Vidarbha,41 inputs,DecisionTree,K,3561,0.1178500428299633,322.3722081415762,213.60316340382315,,
Vidarbha,41 inputs,DecisionTree,OC,3561,-0.0998118745026186,0.2749561501320097,0.1983018526932292,,
Vidarbha,41 inputs,SVR,N,3561,0.1493004915904431,89.31248110759891,64.69863914806575,,
Vidarbha,41 inputs,SVR,P,3561,0.0252883078265792,18.21964606998479,10.159363213603964,,
Vidarbha,41 inputs,SVR,K,3561,0.2374222021447616,299.7287922653538,195.149462219542,,
Vidarbha,41 inputs,SVR,OC,3561,0.0018029363326976,0.2619463673665312,0.1801348987825206,,
Vidarbha,41 inputs,KNN,N,3561,0.1128477735009533,91.20594274586335,66.29143777106543,,
Vidarbha,41 inputs,KNN,P,3561,-2.6508769737976223e-05,18.45472613050364,10.282090185886553,,
Vidarbha,41 inputs,KNN,K,3561,0.2105546842945076,304.96318267714355,196.3843719819848,,
Vidarbha,41 inputs,KNN,OC,3561,0.0011514237481713,0.2620318382233856,0.1829496901009935,,
Vidarbha,41 + elev + climate,RandomForest,N,3561,0.3310963935348799,79.19647141393081,55.26631957894178,,
Vidarbha,41 + elev + climate,RandomForest,P,3561,0.1929123001266245,16.579148162473164,8.483714638160436,,
Vidarbha,41 + elev + climate,RandomForest,K,3561,0.4527230192329267,253.9159463043623,161.083267080315,,
Vidarbha,41 + elev + climate,RandomForest,OC,3561,0.2615780408790173,0.2252975856362986,0.1568878749042056,,
Vidarbha,41 + elev + climate,ExtraTrees,N,3561,0.3498924322656258,78.07584157039894,55.45966706092529,,
Vidarbha,41 + elev + climate,ExtraTrees,P,3561,0.1711824736005754,16.800852208475504,8.690724689909361,,
Vidarbha,41 + elev + climate,ExtraTrees,K,3561,0.438872993565926,257.1088175278825,163.19478774052877,,
Vidarbha,41 + elev + climate,ExtraTrees,OC,3561,0.2097467845931174,0.2330705343680519,0.1608945031845676,,
Vidarbha,41 + elev + climate,Cubist,N,3561,0.3704861905822293,76.82926776777016,53.70810963385236,,
Vidarbha,41 + elev + climate,Cubist,P,3561,0.1498481461555961,17.01571102780854,8.657327678843115,,
Vidarbha,41 + elev + climate,Cubist,K,3561,0.483236749999084,246.73581590683696,157.4182543239135,,
Vidarbha,41 + elev + climate,Cubist,OC,3561,0.2261647746789221,0.2306367362222433,0.1620006799920541,,
Vidarbha,41 + elev + climate,DecisionTree,N,3561,0.2005232792096112,86.58187260770944,61.18269119402876,,
Vidarbha,41 + elev + climate,DecisionTree,P,3561,0.0177829157487597,18.28965823759266,10.248631660265048,,
Vidarbha,41 + elev + climate,DecisionTree,K,3561,0.3555270739381164,275.5425822825622,178.81708741179568,,
Vidarbha,41 + elev + climate,DecisionTree,OC,3561,0.0881677402279772,0.2503581378479552,0.1782581689251239,,
Vidarbha,41 + elev + climate,SVR,N,3561,0.3076928414746814,80.57002056391303,58.661142224621656,,
Vidarbha,41 + elev + climate,SVR,P,3561,0.07305535488777,17.76759917820161,9.75500537314642,,
Vidarbha,41 + elev + climate,SVR,K,3561,0.3554774290172127,275.55319485116274,177.55380012482732,,
Vidarbha,41 + elev + climate,SVR,OC,3561,0.0835687297795506,0.2509887096992858,0.1720058252060286,,
Vidarbha,41 + elev + climate,KNN,N,3561,0.2299688784812205,84.97246211612293,62.338057054317225,,
Vidarbha,41 + elev + climate,KNN,P,3561,0.0508722622479401,17.978944061827875,9.856389075467415,,
Vidarbha,41 + elev + climate,KNN,K,3561,0.30416512792277,286.31195355459886,183.554585725643,,
Vidarbha,41 + elev + climate,KNN,OC,3561,0.0783080195434391,0.2517080704689003,0.1754458535709626,,
Marathwada,41 inputs,RandomForest,N,3838,0.1342798810508176,65.38462035230765,46.610396861938455,,
Marathwada,41 inputs,RandomForest,P,3838,0.210864839878597,12.943146710589776,5.930385040994782,,
Marathwada,41 inputs,RandomForest,K,3838,0.0141953931144782,181.35607361717047,137.7877602689367,,
Marathwada,41 inputs,RandomForest,OC,3838,0.0204972815311631,0.1377271424856029,0.0924400752004548,,
Marathwada,41 inputs,ExtraTrees,N,3838,0.1217697443726721,65.85534792769113,46.78466365200801,,
Marathwada,41 inputs,ExtraTrees,P,3838,0.1689706862733372,13.282271357437628,6.1572314501723575,,
Marathwada,41 inputs,ExtraTrees,K,3838,0.0114509520109054,181.6083422370135,139.80513929820577,,
Marathwada,41 inputs,ExtraTrees,OC,3838,0.0177851325389873,0.1379176872943681,0.0927664608192231,,
Marathwada,41 inputs,Cubist,N,3838,0.1001839286931459,66.65975667205365,47.08337356297975,,
Marathwada,41 inputs,Cubist,P,3838,0.1921009721787138,13.096122227376869,5.9459344466797335,,
Marathwada,41 inputs,Cubist,K,3838,-0.0081333530796872,183.39845578370628,138.32734866477182,,
Marathwada,41 inputs,Cubist,OC,3838,-3.1369287125659895e-05,0.1391629177604816,0.0934319590108928,,
Marathwada,41 inputs,DecisionTree,N,3838,-0.0860714110645008,73.23455417557895,53.73637467689271,,
Marathwada,41 inputs,DecisionTree,P,3838,0.146810874109152,13.458195500197846,6.649567841026446,,
Marathwada,41 inputs,DecisionTree,K,3838,-0.2172558770337556,201.52439360554868,155.25640273972382,,
Marathwada,41 inputs,DecisionTree,OC,3838,-0.1341766307442653,0.1482030226968977,0.1034237818407831,,
Marathwada,41 inputs,SVR,N,3838,0.0796930635590048,67.41448153849137,47.86020073574714,,
Marathwada,41 inputs,SVR,P,3838,0.1854578182748059,13.149855082654174,6.029793884071128,,
Marathwada,41 inputs,SVR,K,3838,-0.0069164803549421,183.28773632183692,138.64683007295008,,
Marathwada,41 inputs,SVR,OC,3838,-0.0084020389924983,0.1397441291905679,0.0940409544484455,,
Marathwada,41 inputs,KNN,N,3838,0.0698182862984807,67.77519096722713,48.48670994513035,,
Marathwada,41 inputs,KNN,P,3838,0.0944877727864845,13.864727442037683,6.463044553004713,,
Marathwada,41 inputs,KNN,K,3838,-0.0022738561611663,182.86470262267773,142.53295846426113,,
Marathwada,41 inputs,KNN,OC,3838,-0.0152081801971613,0.1402149328756365,0.0947694270123056,,
Marathwada,41 + elev + climate,RandomForest,N,3838,0.4470456282644256,52.2554388276912,36.09248012615422,,
Marathwada,41 + elev + climate,RandomForest,P,3838,0.5301105873221152,9.987619920297671,4.236152671026527,,
Marathwada,41 + elev + climate,RandomForest,K,3838,0.2125322840209628,162.08882050190732,118.09122798881717,,
Marathwada,41 + elev + climate,RandomForest,OC,3838,0.1273937023354063,0.1299947717082887,0.083900315678439,,
Marathwada,41 + elev + climate,ExtraTrees,N,3838,0.4774080392370923,50.80052650908948,35.78937168194672,,
Marathwada,41 + elev + climate,ExtraTrees,P,3838,0.4913795498760862,10.391089510389412,4.3752106906872426,,
Marathwada,41 + elev + climate,ExtraTrees,K,3838,0.2008497509090842,163.2867340187063,119.30475271704076,,
Marathwada,41 + elev + climate,ExtraTrees,OC,3838,0.1318640731304607,0.1296613618863629,0.0837793786605497,,
Marathwada,41 + elev + climate,Cubist,N,3838,0.4922717679394304,50.07287268438311,35.38080811207813,,
Marathwada,41 + elev + climate,Cubist,P,3838,0.5115427574369326,10.183040093241292,4.276688982761867,,
Marathwada,41 + elev + climate,Cubist,K,3838,0.1840577952775945,164.99332771698215,118.33533312452369,,
Marathwada,41 + elev + climate,Cubist,OC,3838,0.0886701400768856,0.1328478451302659,0.0866476990091697,,
Marathwada,41 + elev + climate,DecisionTree,N,3838,0.3405097998436445,57.06778605217828,40.20045315409878,,
Marathwada,41 + elev + climate,DecisionTree,P,3838,0.4166092054299973,11.12868790084526,5.170280998260068,,
Marathwada,41 + elev + climate,DecisionTree,K,3838,-0.0627135955935274,188.2976072413077,138.90278544446116,,
Marathwada,41 + elev + climate,DecisionTree,OC,3838,-0.0220404404050578,0.1406859586897551,0.0927158747455068,,
Marathwada,41 + elev + climate,SVR,N,3838,0.3748271260160384,55.56315706571153,39.52209371494458,,
Marathwada,41 + elev + climate,SVR,P,3838,0.3817425228147502,11.456418388083309,4.996897399611775,,
Marathwada,41 + elev + climate,SVR,K,3838,0.0823042833790825,174.97904234063802,126.6558148228988,,
Marathwada,41 + elev + climate,SVR,OC,3838,0.0654412281114857,0.1345302729237228,0.0886321487307111,,
Marathwada,41 + elev + climate,KNN,N,3838,0.2754582253935804,59.81616510939383,42.2306172305425,,
Marathwada,41 + elev + climate,KNN,P,3838,0.2926166440337359,12.254387114263166,5.381573171036775,,
Marathwada,41 + elev + climate,KNN,K,3838,0.0699232401794003,176.1554480256174,132.3280821162961,,
Marathwada,41 + elev + climate,KNN,OC,3838,0.0240708469218016,0.1374756747411904,0.0916604258756093,,
North MH,41 inputs,RandomForest,N,5373,0.0417481899071935,61.57447582046819,43.98193010632851,,
North MH,41 inputs,RandomForest,P,5373,0.0464559329480805,21.47240981912548,10.114471809385792,,
North MH,41 inputs,RandomForest,K,5373,0.0085274948296302,142.38969464246628,102.90164129902357,,
North MH,41 inputs,RandomForest,OC,5373,0.1123399105671018,0.3306521779685977,0.2013442322346952,,
North MH,41 inputs,ExtraTrees,N,5373,0.025940673090874,62.08027096803639,44.40286770654998,,
North MH,41 inputs,ExtraTrees,P,5373,0.0183369468890737,21.78670867320245,10.2061596764789,,
North MH,41 inputs,ExtraTrees,K,5373,-2.1223523200886163e-05,143.00223648563522,104.7737672259943,,
North MH,41 inputs,ExtraTrees,OC,5373,0.1003482757101678,0.3328781193310418,0.201163019113317,,
North MH,41 inputs,Cubist,N,5373,0.023197952446194,62.1676112076746,44.281244492470805,,
North MH,41 inputs,Cubist,P,5373,0.0110897614649814,21.8669816219726,9.8123379970324,,
North MH,41 inputs,Cubist,K,5373,0.0240697482902477,141.26924082515768,101.88047105179174,,
North MH,41 inputs,Cubist,OC,5373,0.0648526732590076,0.3393814174253177,0.1987572940501537,,
North MH,41 inputs,DecisionTree,N,5373,-0.1406672682364693,67.18006025374677,49.533054744088034,,
North MH,41 inputs,DecisionTree,P,5373,-0.0359897113785199,22.38144511725858,11.530981947017388,,
North MH,41 inputs,DecisionTree,K,5373,-0.2012239107843569,156.7293041079205,115.69787888026072,,
North MH,41 inputs,DecisionTree,OC,5373,-0.0428209685223055,0.3583875533562499,0.2272151003905077,,
North MH,41 inputs,SVR,N,5373,-0.0007476672600139,62.92499540127783,45.14779308780068,,
North MH,41 inputs,SVR,P,5373,-0.0413519073255241,22.43929260279577,10.08519546313634,,
North MH,41 inputs,SVR,K,5373,-0.0060151462127198,143.4301593024843,105.56938401784384,,
North MH,41 inputs,SVR,OC,5373,0.0169324639534419,0.347968329399185,0.200600947367171,,
North MH,41 inputs,KNN,N,5373,-0.0100239181672217,63.2159586747618,45.97699940687399,,
North MH,41 inputs,KNN,P,5373,-0.0073201672613165,22.06958505348876,10.565929953551972,,
North MH,41 inputs,KNN,K,5373,-0.0162947455243938,144.16109127539607,106.8135914368743,,
North MH,41 inputs,KNN,OC,5373,0.03815199816451,0.344192390320187,0.2065056712873802,,
North MH,41 + elev + climate,RandomForest,N,5373,0.3324279926334834,51.39370863282523,36.81070447285798,,
North MH,41 + elev + climate,RandomForest,P,5373,0.2498361434378141,19.045328641323238,9.035884305278216,,
North MH,41 + elev + climate,RandomForest,K,5373,0.2707651528891766,122.115819389995,80.31488026780983,,
North MH,41 + elev + climate,RandomForest,OC,5373,0.3315853281570868,0.2869267425806305,0.174482286861151,,
North MH,41 + elev + climate,ExtraTrees,N,5373,0.2446473694052686,54.66832558703717,38.99132788334608,,
North MH,41 + elev + climate,ExtraTrees,P,5373,0.2057288240475049,19.597235178486542,9.204612659912817,,
North MH,41 + elev + climate,ExtraTrees,K,5373,0.2363117152479573,124.9672708210916,84.28088007694129,,
North MH,41 + elev + climate,ExtraTrees,OC,5373,0.2623524455939725,0.3014202975780397,0.1832527499514798,,
North MH,41 + elev + climate,Cubist,N,5373,0.3393821058860679,51.125323124618326,37.13746411090504,,
North MH,41 + elev + climate,Cubist,P,5373,0.3317220635726596,17.975830516742004,8.598902488939652,,
North MH,41 + elev + climate,Cubist,K,5373,0.2428531999313317,124.43090697659858,83.34835710419198,,
North MH,41 + elev + climate,Cubist,OC,5373,0.2622693575591956,0.3014372729715131,0.1823169249177028,,
North MH,41 + elev + climate,DecisionTree,N,5373,0.1158339171861203,59.14633309841167,43.15933415846372,,
North MH,41 + elev + climate,DecisionTree,P,5373,0.2265263969552127,19.33896162754528,9.85922031507284,,
North MH,41 + elev + climate,DecisionTree,K,5373,0.1174998170867139,134.3369930954968,93.35106032342578,,
North MH,41 + elev + climate,DecisionTree,OC,5373,0.1792000009887059,0.3179557728006189,0.199448929851703,,
North MH,41 + elev + climate,SVR,N,5373,0.0946078298151377,59.85208257828955,42.25462060941292,,
North MH,41 + elev + climate,SVR,P,5373,0.0138584461105241,21.83634931115848,9.858299938830456,,
North MH,41 + elev + climate,SVR,K,5373,0.1170167693961449,134.3737535960645,96.25492334742702,,
North MH,41 + elev + climate,SVR,OC,5373,0.12400928791193,0.3284715739746958,0.1939043582954949,,
North MH,41 + elev + climate,KNN,N,5373,0.0226556496655536,62.18486597823036,44.61047748339046,,
North MH,41 + elev + climate,KNN,P,5373,0.0510554815437175,21.420559682565774,10.264407920573555,,
North MH,41 + elev + climate,KNN,K,5373,0.0528870133422527,139.16791377472532,101.25313071975808,,
North MH,41 + elev + climate,KNN,OC,5373,0.1302987397565802,0.3272902670859459,0.1997531519548188,,
Western MH,41 inputs,RandomForest,N,2729,0.2157060172418721,107.54413824018216,76.9686479717672,,
Western MH,41 inputs,RandomForest,P,2729,0.2295510143081325,36.43943458501384,19.064740559368897,,
Western MH,41 inputs,RandomForest,K,2729,-0.0296781454819634,232.84238403859837,167.0769123513197,,
Western MH,41 inputs,RandomForest,OC,2729,0.1768573398349434,0.2618907184923722,0.1954164745329366,,
Western MH,41 inputs,ExtraTrees,N,2729,0.1993702411883219,108.65836518708514,78.65563964495246,,
Western MH,41 inputs,ExtraTrees,P,2729,0.1790060047250867,37.61574572776205,19.739129651904687,,
Western MH,41 inputs,ExtraTrees,K,2729,-0.0370180931955106,233.6708060283456,167.1914756300311,,
Western MH,41 inputs,ExtraTrees,OC,2729,0.1457636451478959,0.2667912472042047,0.2000451414116804,,
Western MH,41 inputs,Cubist,N,2729,0.2592867910776324,104.51348921668092,72.77680327192664,,
Western MH,41 inputs,Cubist,P,2729,0.2183578245548123,36.70317869201059,19.38234462416909,,
Western MH,41 inputs,Cubist,K,2729,-0.0220070693429375,231.9734276514628,168.5794414818804,,
Western MH,41 inputs,Cubist,OC,2729,0.1563247543036046,0.2651369190981291,0.1948866295215582,,
Western MH,41 inputs,DecisionTree,N,2729,0.0394612545899683,119.0158345420655,85.01139940564124,,
Western MH,41 inputs,DecisionTree,P,2729,0.2064036366671314,36.98277712148382,20.414737425813662,,
Western MH,41 inputs,DecisionTree,K,2729,-0.2480026523293221,256.3415723848453,190.0094639454298,,
Western MH,41 inputs,DecisionTree,OC,2729,0.0224480780039285,0.2853990144756558,0.2127390806992555,,
Western MH,41 inputs,SVR,N,2729,0.2130155558350668,107.7284413471058,77.99186760312611,,
Western MH,41 inputs,SVR,P,2729,0.1787716373615961,37.62111438705085,20.15318033967235,,
Western MH,41 inputs,SVR,K,2729,-0.0687885671054493,237.22321612200076,172.26180190214384,,
Western MH,41 inputs,SVR,OC,2729,0.0919733237932042,0.2750627976639069,0.2043809956141765,,
Western MH,41 inputs,KNN,N,2729,0.1237933596494461,113.67123341833508,82.1905081465434,,
Western MH,41 inputs,KNN,P,2729,0.0968656669477332,39.45262113546971,20.793336371298015,,
Western MH,41 inputs,KNN,K,2729,-0.0589912246872057,236.13342719747823,170.8343782838839,,
Western MH,41 inputs,KNN,OC,2729,0.0458859126047639,0.2819568864988822,0.210202498934574,,
Western MH,41 + elev + climate,RandomForest,N,2729,0.4465581162866565,90.34067138516664,55.44052995846164,,
Western MH,41 + elev + climate,RandomForest,P,2729,0.3386753149393841,33.76035872358664,17.22402158438808,,
Western MH,41 + elev + climate,RandomForest,K,2729,-0.0186110236695487,231.587692605734,164.92217757334686,,
Western MH,41 + elev + climate,RandomForest,OC,2729,0.4430507049535878,0.215422162604863,0.1485698141666991,,
Western MH,41 + elev + climate,ExtraTrees,N,2729,0.458590785955733,89.35320271143304,55.74589746847878,,
Western MH,41 + elev + climate,ExtraTrees,P,2729,0.3330736016369909,33.903039821246644,17.315041341970705,,
Western MH,41 + elev + climate,ExtraTrees,K,2729,-0.0202966977558234,231.77923775321835,164.64063236554276,,
Western MH,41 + elev + climate,ExtraTrees,OC,2729,0.4355971530087336,0.216858849819147,0.1523068091488358,,
Western MH,41 + elev + climate,Cubist,N,2729,0.4327028857109347,91.46450525690912,58.6074264823073,,
Western MH,41 + elev + climate,Cubist,P,2729,0.4058903872128947,31.998747204118207,16.92587705158917,,
Western MH,41 + elev + climate,Cubist,K,2729,-0.0347586025663424,233.41610222552077,169.7281049098421,,
Western MH,41 + elev + climate,Cubist,OC,2729,0.4914174574677936,0.2058558799462903,0.1402214113830868,,
Western MH,41 + elev + climate,DecisionTree,N,2729,0.2741699586313998,103.45816518205952,66.20042000468644,,
Western MH,41 + elev + climate,DecisionTree,P,2729,0.1962324893039907,37.21901792245009,20.955826849022834,,
Western MH,41 + elev + climate,DecisionTree,K,2729,-0.1365968045972829,244.63269802892373,179.1228387180047,,
Western MH,41 + elev + climate,DecisionTree,OC,2729,0.28349102586416,0.2443393246972923,0.1648096783057894,,
Western MH,41 + elev + climate,SVR,N,2729,0.3335530027917107,99.13570744454329,66.74813256872724,,
Western MH,41 + elev + climate,SVR,P,2729,0.2587308782094917,35.74272341800157,18.6638774452703,,
Western MH,41 + elev + climate,SVR,K,2729,-0.0647560129305571,236.7752699438784,172.2534828132134,,
Western MH,41 + elev + climate,SVR,OC,2729,0.2567097470316127,0.2488638245085658,0.1796712796845879,,
Western MH,41 + elev + climate,KNN,N,2729,0.3224281339922151,99.95970939530235,67.75213593054372,,
Western MH,41 + elev + climate,KNN,P,2729,0.2019896993295594,37.08548254892756,19.56150730564655,,
Western MH,41 + elev + climate,KNN,K,2729,-0.0715352658579209,237.5278426129931,171.56224041084388,,
Western MH,41 + elev + climate,KNN,OC,2729,0.1524476606529716,0.2657454366427738,0.1957060368907628,,
Konkan,41 inputs,RandomForest,N,1772,0.1412336732249848,292.29884212056766,222.17540279318916,,
Konkan,41 inputs,RandomForest,P,1772,0.0217642982544706,28.535843483338,15.22128138411667,,
Konkan,41 inputs,RandomForest,K,1772,-0.0216994261240595,366.8142405044211,240.02450830607236,,
Konkan,41 inputs,RandomForest,OC,1772,0.0890124290690151,0.6525330467580103,0.5023651556074824,,
Konkan,41 inputs,ExtraTrees,N,1772,0.134303785476192,293.47583758087035,226.3829311716252,,
Konkan,41 inputs,ExtraTrees,P,1772,-0.0030913284478277,28.896097757007684,15.449121313007709,,
Konkan,41 inputs,ExtraTrees,K,1772,-0.0301626953068749,368.33036409644376,240.4675395778514,,
Konkan,41 inputs,ExtraTrees,OC,1772,0.0813451570082496,0.6552732956110684,0.5056039877951284,,
Konkan,41 inputs,Cubist,N,1772,0.1131910754587116,297.0329435685878,223.17288678668027,,
Konkan,41 inputs,Cubist,P,1772,-0.0119030341959411,29.022739846865637,15.800016729325211,,
Konkan,41 inputs,Cubist,K,1772,0.0028514004421985,362.3802786935638,240.4796573218537,,
Konkan,41 inputs,Cubist,OC,1772,0.0286514216846384,0.6738043950948889,0.5136401642220219,,
Konkan,41 inputs,DecisionTree,N,1772,-0.0508820135311416,323.34531367471976,244.2734780142108,,
Konkan,41 inputs,DecisionTree,P,1772,-0.0484545045332165,29.542262639104447,16.838725416810366,,
Konkan,41 inputs,DecisionTree,K,1772,-0.1601233786672593,390.87392712763926,268.1510031282742,,
Konkan,41 inputs,DecisionTree,OC,1772,-0.129914010268352,0.7267231280277912,0.5579048917488499,,
Konkan,41 inputs,SVR,N,1772,0.1423050299851828,292.11645602698496,223.92104991860947,,
Konkan,41 inputs,SVR,P,1772,0.0019604600275455,28.823242361495044,15.581112190567648,,
Konkan,41 inputs,SVR,K,1772,-0.0434829432646006,370.70401525203465,250.90034176365683,,
Konkan,41 inputs,SVR,OC,1772,0.0058980817775916,0.6816504738459875,0.5153857703317473,,
Konkan,41 inputs,KNN,N,1772,0.0657186206737763,304.879650676972,239.6971139438265,,
Konkan,41 inputs,KNN,P,1772,-0.0051537697848029,28.925788923893133,15.635958095563618,,
Konkan,41 inputs,KNN,K,1772,-0.0589362550530352,373.4388712149516,246.8224571134376,,
Konkan,41 inputs,KNN,OC,1772,0.0256339427627185,0.6748501648805024,0.5237329791777893,,
Konkan,41 + elev + climate,RandomForest,N,1772,0.4451713155797816,234.94653502327063,169.6936918941295,,
Konkan,41 + elev + climate,RandomForest,P,1772,0.0355616024259278,28.33389017867908,14.638798287998537,,
Konkan,41 + elev + climate,RandomForest,K,1772,0.0502024432636343,353.6715590444916,230.73053321250444,,
Konkan,41 + elev + climate,RandomForest,OC,1772,0.1820583416369595,0.6183116777467491,0.4637918197701073,,
Konkan,41 + elev + climate,ExtraTrees,N,1772,0.423556659707784,239.47925840298072,177.35161587076433,,
Konkan,41 + elev + climate,ExtraTrees,P,1772,0.0420908522728469,28.23781705262734,14.625701739674623,,
Konkan,41 + elev + climate,ExtraTrees,K,1772,0.0441096830222174,354.80411162263505,228.78204665300683,,
Konkan,41 + elev + climate,ExtraTrees,OC,1772,0.2095345870964445,0.6078378233600495,0.46302621941957,,
Konkan,41 + elev + climate,Cubist,N,1772,0.4467554520976013,234.6108877848656,168.4661705862605,,
Konkan,41 + elev + climate,Cubist,P,1772,0.0341706827806744,28.35431448229981,15.05035183010573,,
Konkan,41 + elev + climate,Cubist,K,1772,0.0403625350505983,355.4988582361158,233.70391818906708,,
Konkan,41 + elev + climate,Cubist,OC,1772,0.0852109436178918,0.6538931160455534,0.4919690057290824,,
Konkan,41 + elev + climate,DecisionTree,N,1772,0.3065399707026852,262.6638516282469,185.43029262315932,,
Konkan,41 + elev + climate,DecisionTree,P,1772,-0.0392490181762894,29.41228538908212,16.271623370767802,,
Konkan,41 + elev + climate,DecisionTree,K,1772,-0.1578739984184345,390.49480767085095,268.5160721264218,,
Konkan,41 + elev + climate,DecisionTree,OC,1772,-0.049320873772217,0.700326308110933,0.5240985637371439,,
Konkan,41 + elev + climate,SVR,N,1772,0.3130610702337058,261.4259266599224,194.91066515067723,,
Konkan,41 + elev + climate,SVR,P,1772,0.0486599623405742,28.14082641009778,15.050005081241528,,
Konkan,41 + elev + climate,SVR,K,1772,-0.0427630863806733,370.57612630195,249.21184938207543,,
Konkan,41 + elev + climate,SVR,OC,1772,0.0794144424133999,0.6559615201881188,0.4977238009404017,,
Konkan,41 + elev + climate,KNN,N,1772,0.2681287172610195,269.84038314672966,208.5325429256113,,
Konkan,41 + elev + climate,KNN,P,1772,0.0182043162022332,28.58771995578089,15.137840511806608,,
Konkan,41 + elev + climate,KNN,K,1772,-0.0048693462642601,363.78049697696906,241.01949183158612,,
Konkan,41 + elev + climate,KNN,OC,1772,0.0774291419707274,0.656668450320388,0.5112797072132582,,
Vidarbha,41 inputs,Linear,N,3561,0.0284238102647332,95.4470466529626,67.48107133114394,,
Vidarbha,41 inputs,Linear,P,3561,-0.0205533374702637,18.64316752218798,10.327451368290047,,
Vidarbha,41 inputs,Linear,K,3561,0.2305895317844615,301.0685775909674,198.37467571104824,,
Vidarbha,41 inputs,Linear,OC,3561,-0.0057866179870995,0.2629403051500334,0.1847090840997825,,
Vidarbha,41 inputs,Ridge,N,3561,0.0186136148707691,95.92771013959056,68.03962360257155,,
Vidarbha,41 inputs,Ridge,P,3561,-0.0144416354967062,18.58726030979257,10.283477046855868,,
Vidarbha,41 inputs,Ridge,K,3561,0.2293629335063068,301.30846458901897,197.81727012130057,,
Vidarbha,41 inputs,Ridge,OC,3561,-0.0046635648712198,0.2627934656509712,0.1847633730422939,,
Vidarbha,41 inputs,Lasso,N,3561,0.0384791338043347,94.951847659034,67.52329521582327,,
Vidarbha,41 inputs,Lasso,P,3561,-0.0203171022241737,18.641009659388374,10.353011854025729,,
Vidarbha,41 inputs,Lasso,K,3561,0.2293595256549729,301.30913079971816,197.63815611863475,,
Vidarbha,41 inputs,Lasso,OC,3561,-0.0158536849548356,0.2642529329520056,0.1867094224778515,,
Vidarbha,41 inputs,ElasticNet,N,3561,0.0377602104530085,94.98733848805504,67.52854884267741,,
Vidarbha,41 inputs,ElasticNet,P,3561,-0.0216609600035431,18.653281639641765,10.36233954818291,,
Vidarbha,41 inputs,ElasticNet,K,3561,0.2278281751246623,301.60835003457856,197.769072338246,,
Vidarbha,41 inputs,ElasticNet,OC,3561,-0.0158615608652052,0.2642539573260921,0.1866828682660822,,
Vidarbha,41 + elev + climate,Linear,N,3561,0.1420433945521674,89.69262292147297,63.05108622008443,,
Vidarbha,41 + elev + climate,Linear,P,3561,0.0422781071027783,18.060158439219293,9.855684312253766,,
Vidarbha,41 + elev + climate,Linear,K,3561,0.3853837823011303,269.08432108005,174.1459927516454,,
Vidarbha,41 + elev + climate,Linear,OC,3561,0.0187555821186303,0.2597124897606297,0.1797213283822645,,
Vidarbha,41 + elev + climate,Ridge,N,3561,0.130280784509398,90.30537409787723,63.58886470712856,,
Vidarbha,41 + elev + climate,Ridge,P,3561,0.0354972230642495,18.12398063916916,9.862845658093732,,
Vidarbha,41 + elev + climate,Ridge,K,3561,0.3878075464753864,268.5532244535923,173.9700835042344,,
Vidarbha,41 + elev + climate,Ridge,OC,3561,0.0753608232613886,0.2521101793248022,0.1754282720344977,,
Vidarbha,41 + elev + climate,Lasso,N,3561,0.1342814891616935,90.09743252334174,62.95768153069158,,
Vidarbha,41 + elev + climate,Lasso,P,3561,0.042590053896926,18.057216944720235,9.871458353042364,,
Vidarbha,41 + elev + climate,Lasso,K,3561,0.3793785118288083,270.3957053590034,173.68536245275556,,
Vidarbha,41 + elev + climate,Lasso,OC,3561,0.0679331438518471,0.2531207616154198,0.1762222232099679,,
Vidarbha,41 + elev + climate,ElasticNet,N,3561,0.1257518945693907,90.54019244511366,63.28984993401192,,
Vidarbha,41 + elev + climate,ElasticNet,P,3561,0.0428070722465256,18.055170292954845,9.862861580800224,,
Vidarbha,41 + elev + climate,ElasticNet,K,3561,0.3798796459527449,270.2865149083341,173.53905789517975,,
Vidarbha,41 + elev + climate,ElasticNet,OC,3561,0.0677337682023198,0.2531478323225517,0.1761655913628201,,
Marathwada,41 inputs,Linear,N,3838,0.0787866444772364,67.44767195112726,48.60462065986116,,
Marathwada,41 inputs,Linear,P,3838,0.1554297900494596,13.390045610118127,6.595256654713756,,
Marathwada,41 inputs,Linear,K,3838,-0.0149539667954827,184.0178090641664,142.0313956367507,,
Marathwada,41 inputs,Linear,OC,3838,-0.0059775671532136,0.1395760367119804,0.0954023344758898,,
Marathwada,41 inputs,Ridge,N,3838,0.0858260437345623,67.18947899649672,48.46959785302418,,
Marathwada,41 inputs,Ridge,P,3838,0.1464646484577425,13.46092590295538,6.571862421230797,,
Marathwada,41 inputs,Ridge,K,3838,-0.0096969736235061,183.54062670021992,142.59530286355582,,
Marathwada,41 inputs,Ridge,OC,3838,0.0034977240770975,0.1389171489783811,0.0946931022033603,,
Marathwada,41 inputs,Lasso,N,3838,0.0855217501564967,67.20066047117568,48.56298925118905,,
Marathwada,41 inputs,Lasso,P,3838,0.1470865306898254,13.456021222688795,6.576784469425187,,
Marathwada,41 inputs,Lasso,K,3838,-0.0152999226284029,184.04916842255852,143.54407988813043,,
Marathwada,41 inputs,Lasso,OC,3838,-0.000707350322306,0.1392099440860191,0.0949563641541935,,
Marathwada,41 inputs,ElasticNet,N,3838,0.0866349752412399,67.15974520509582,48.54220998635328,,
Marathwada,41 inputs,ElasticNet,P,3838,0.1469412577932239,13.457167125537865,6.572119889333137,,
Marathwada,41 inputs,ElasticNet,K,3838,-0.014039016634058,183.93484713131429,143.66899290311517,,
Marathwada,41 inputs,ElasticNet,OC,3838,-0.0009872164560491,0.1392294090301001,0.0949641095060626,,
Marathwada,41 + elev + climate,Linear,N,3838,0.3966048395301704,54.58681592978712,39.03001186160903,,
Marathwada,41 + elev + climate,Linear,P,3838,0.3058131340956767,12.139543990724071,5.710168388513847,,
Marathwada,41 + elev + climate,Linear,K,3838,0.0762679866566494,175.55357604219716,131.3004660698692,,
Marathwada,41 + elev + climate,Linear,OC,3838,0.0300869730853491,0.1370512845244045,0.0922611243243734,,
Marathwada,41 + elev + climate,Ridge,N,3838,0.3882939990853732,54.9614550454236,39.24566566245059,,
Marathwada,41 + elev + climate,Ridge,P,3838,0.3128625238738101,12.077748855788789,5.62901534977802,,
Marathwada,41 + elev + climate,Ridge,K,3838,0.0783119484977977,175.35924288058175,131.4768952891703,,
Marathwada,41 + elev + climate,Ridge,OC,3838,0.0402570804265519,0.1363308594501161,0.0917040240171517,,
Marathwada,41 + elev + climate,Lasso,N,3838,0.3872443252936496,55.00859114566548,39.08491070171716,,
Marathwada,41 + elev + climate,Lasso,P,3838,0.3070525428208216,12.128702112808078,5.629284436936854,,
Marathwada,41 + elev + climate,Lasso,K,3838,0.0824713454195451,174.9631145740345,131.27606935007967,,
Marathwada,41 + elev + climate,Lasso,OC,3838,0.0353335630573252,0.1366801033395151,0.0920042535729564,,
Marathwada,41 + elev + climate,ElasticNet,N,3838,0.3870716929502771,55.01633941600644,39.0771139239747,,
Marathwada,41 + elev + climate,ElasticNet,P,3838,0.3089314280475305,12.112247829492611,5.622671147800299,,
Marathwada,41 + elev + climate,ElasticNet,K,3838,0.0821451676834775,174.9942111513824,131.317319727723,,
Marathwada,41 + elev + climate,ElasticNet,OC,3838,0.0343048227120551,0.1367529631718776,0.0920923532518126,,
North MH,41 inputs,Linear,N,5373,-0.0211577491390644,63.5634290412315,45.79730855126744,,
North MH,41 inputs,Linear,P,5373,-0.0053534099457555,22.04802948113281,10.531058331192597,,
North MH,41 inputs,Linear,K,5373,-0.0652291419189459,147.59095423583483,109.99060549451892,,
North MH,41 inputs,Linear,OC,5373,0.0278308395192792,0.3460341496597144,0.2139967881546579,,
North MH,41 inputs,Ridge,N,5373,-0.0070772300151806,63.12367681126247,45.28684385621572,,
North MH,41 inputs,Ridge,P,5373,-0.0119807098023745,22.120580529993745,10.406791159743328,,
North MH,41 inputs,Ridge,K,5373,-0.046104826665914,146.26008586416538,109.06840088732562,,
North MH,41 inputs,Ridge,OC,5373,0.0230511205187615,0.3468837538859869,0.2112908216810262,,
North MH,41 inputs,Lasso,N,5373,-0.0088206300873667,63.17829140906595,45.43624687629863,,
North MH,41 inputs,Lasso,P,5373,-0.0144646937945667,22.14771221872812,10.41453979785048,,
North MH,41 inputs,Lasso,K,5373,-0.0731594466149851,148.13932024863414,111.02351933569514,,
North MH,41 inputs,Lasso,OC,5373,0.0213351072616408,0.3471882713328514,0.2107593540671425,,
North MH,41 inputs,ElasticNet,N,5373,-0.0094552690960749,63.19816070154141,45.44295339964233,,
North MH,41 inputs,ElasticNet,P,5373,-0.0149106722264025,22.152579966560285,10.403856593868404,,
North MH,41 inputs,ElasticNet,K,5373,-0.0721067982971925,148.0666484452686,110.92523236164432,,
North MH,41 inputs,ElasticNet,OC,5373,0.021127106524449,0.3472251642367686,0.210749466635586,,
North MH,41 + elev + climate,Linear,N,5373,0.1193873497458019,59.027359918879206,41.97143424296845,,
North MH,41 + elev + climate,Linear,P,5373,0.0347788074881951,21.603485595586204,10.468414632722414,,
North MH,41 + elev + climate,Linear,K,5373,-0.0076982348495409,143.5500902931569,104.53238044162327,,
North MH,41 + elev + climate,Linear,OC,5373,0.1349123599952636,0.3264210025672627,0.2081779097285973,,
North MH,41 + elev + climate,Ridge,N,5373,0.1129118722514781,59.24398765030038,42.30381208177624,,
North MH,41 + elev + climate,Ridge,P,5373,0.0154193613388994,21.819060622496217,10.334366788771035,,
North MH,41 + elev + climate,Ridge,K,5373,0.0026587751621934,142.810489095418,104.3292508516231,,
North MH,41 + elev + climate,Ridge,OC,5373,0.1321021464166966,0.3269507575496289,0.2075550575347274,,
North MH,41 + elev + climate,Lasso,N,5373,0.1094585786850359,59.35918937351874,42.37528116192724,,
North MH,41 + elev + climate,Lasso,P,5373,0.012080470534309,21.85602549840711,10.31163866634794,,
North MH,41 + elev + climate,Lasso,K,5373,0.0028349232853113,142.79787710775156,104.22156950042051,,
North MH,41 + elev + climate,Lasso,OC,5373,0.125816928297499,0.328132492120446,0.2070783371273648,,
North MH,41 + elev + climate,ElasticNet,N,5373,0.1091349430379826,59.36997438820342,42.36394497691949,,
North MH,41 + elev + climate,ElasticNet,P,5373,0.0121052427523921,21.855751475266544,10.313430087393977,,
North MH,41 + elev + climate,ElasticNet,K,5373,0.0029095429474921,142.79253409637394,104.19597577102924,,
North MH,41 + elev + climate,ElasticNet,OC,5373,0.1258702499537342,0.3281224845857979,0.2071403446153467,,
Western MH,41 inputs,Linear,N,2729,0.0807878549559406,116.42739467866728,84.88403306559805,,
Western MH,41 inputs,Linear,P,2729,0.1553665775317548,38.15345019172283,20.6584253718298,,
Western MH,41 inputs,Linear,K,2729,-0.0668855331329412,237.0119278526471,170.60212656609494,,
Western MH,41 inputs,Linear,OC,2729,0.0349832507969167,0.2835632711851361,0.2129492198523788,,
Western MH,41 inputs,Ridge,N,2729,0.1010289397156217,115.13839147893069,84.59917676641592,,
Western MH,41 inputs,Ridge,P,2729,0.1568084937261151,38.12086944389449,20.650761309046636,,
Western MH,41 inputs,Ridge,K,2729,-0.0461400205744439,234.6962757127724,168.41733342095048,,
Western MH,41 inputs,Ridge,OC,2729,0.0278733598707728,0.2846059494952395,0.2149080407053019,,
Western MH,41 inputs,Lasso,N,2729,0.0947514291595793,115.53969753292918,85.66103776242697,,
Western MH,41 inputs,Lasso,P,2729,0.1362766661785555,38.58220212742765,20.622657448960297,,
Western MH,41 inputs,Lasso,K,2729,-0.0513909367242817,235.28454682959264,168.7511551243209,,
Western MH,41 inputs,Lasso,OC,2729,0.0357490026090026,0.2834507435105562,0.2133638542616404,,
Western MH,41 inputs,ElasticNet,N,2729,0.0916387216402414,115.73816935027598,85.60168762405483,,
Western MH,41 inputs,ElasticNet,P,2729,0.1469870464344632,38.34224155049637,20.58502901734099,,
Western MH,41 inputs,ElasticNet,K,2729,-0.0507931833564581,235.21765347857712,168.83639796317416,,
Western MH,41 inputs,ElasticNet,OC,2729,0.0351032661710493,0.2835456378071244,0.2134102412797776,,
Western MH,41 + elev + climate,Linear,N,2729,0.2802647472686138,103.02288082276216,69.29487264150757,,
Western MH,41 + elev + climate,Linear,P,2729,0.3486265728150528,33.505392085217935,18.270600366305423,,
Western MH,41 + elev + climate,Linear,K,2729,-0.0651711812052238,236.8214269970316,171.49177832568938,,
Western MH,41 + elev + climate,Linear,OC,2729,0.4226147783594413,0.219338760052358,0.1554575435886869,,
Western MH,41 + elev + climate,Ridge,N,2729,0.2805516752593557,103.00234334403982,68.76335201925062,,
Western MH,41 + elev + climate,Ridge,P,2729,0.3402191264427227,33.720930221821526,18.29793249404317,,
Western MH,41 + elev + climate,Ridge,K,2729,-0.0623224862549329,236.50453724333576,170.75917713233414,,
Western MH,41 + elev + climate,Ridge,OC,2729,0.4263435166741797,0.2186293709710939,0.154712818537182,,
Western MH,41 + elev + climate,Lasso,N,2729,0.27818378141736,103.17170801699206,68.73319357205975,,
Western MH,41 + elev + climate,Lasso,P,2729,0.3393203349367508,33.74389070161162,18.216226051892715,,
Western MH,41 + elev + climate,Lasso,K,2729,-0.0652275155689388,236.82768937450112,170.9944560418385,,
Western MH,41 + elev + climate,Lasso,OC,2729,0.4253484225615058,0.2188189116994406,0.1549887417708926,,
Western MH,41 + elev + climate,ElasticNet,N,2729,0.2493280473882984,105.2137251145059,69.92092532522969,,
Western MH,41 + elev + climate,ElasticNet,P,2729,0.3187884946726024,34.26420603840084,18.372923729388884,,
Western MH,41 + elev + climate,ElasticNet,K,2729,-0.0643205306845844,236.7268447787129,170.92600017642147,,
Western MH,41 + elev + climate,ElasticNet,OC,2729,0.4232690014775804,0.2192144607514643,0.1552979483902457,,
Konkan,41 inputs,Linear,N,1772,-0.0500956311520985,323.2243102508675,247.98474624944652,,
Konkan,41 inputs,Linear,P,1772,-0.0158984255405654,29.07997999928773,16.024439060173435,,
Konkan,41 inputs,Linear,K,1772,-0.1614468871728247,391.0968247587263,257.3714346875551,,
Konkan,41 inputs,Linear,OC,1772,-0.0100965179759111,0.6871122986089809,0.5362683288499286,,
Konkan,41 inputs,Ridge,N,1772,-0.0217396178732094,318.830388428697,250.7627926125217,,
Konkan,41 inputs,Ridge,P,1772,-0.0421100040994768,29.45274263223108,15.883832855739234,,
Konkan,41 inputs,Ridge,K,1772,-0.1294512197054078,385.672215100713,252.7748035852915,,
Konkan,41 inputs,Ridge,OC,1772,0.0284233281170407,0.6738835023434984,0.5285254646852046,,
Konkan,41 inputs,Lasso,N,1772,-0.0332983507205444,320.628748337499,251.7876438172523,,
Konkan,41 inputs,Lasso,P,1772,-0.0753278147190652,29.91847132563751,16.045115205237238,,
Konkan,41 inputs,Lasso,K,1772,-0.1508227556614358,389.30397061082914,253.7018893234068,,
Konkan,41 inputs,Lasso,OC,1772,-0.0075864441970594,0.6862580360057945,0.539375388247296,,
Konkan,41 inputs,ElasticNet,N,1772,-0.0284401970678351,319.87412653936974,251.5995762162879,,
Konkan,41 inputs,ElasticNet,P,1772,-0.0761577567053126,29.93001469219945,16.053353894037155,,
Konkan,41 inputs,ElasticNet,K,1772,-0.1503849867200919,389.22991863514216,253.4852843950034,,
Konkan,41 inputs,ElasticNet,OC,1772,-0.0078881874800174,0.6863607856274719,0.5394383633975608,,
Konkan,41 + elev + climate,Linear,N,1772,0.1887570419724741,284.09596238927344,221.03988949690591,,
Konkan,41 + elev + climate,Linear,P,1772,0.0533182799964344,28.07184488434673,15.32592231233953,,
Konkan,41 + elev + climate,Linear,K,1772,-0.0520116650482462,372.21587389795815,241.47992691127843,,
Konkan,41 + elev + climate,Linear,OC,1772,-0.0210430956941676,0.690825438749862,0.5344027361542698,,
Konkan,41 + elev + climate,Ridge,N,1772,0.1634162037872428,288.4990024220602,222.6666132083896,,
Konkan,41 + elev + climate,Ridge,P,1772,0.0536697920617083,28.066632726915152,15.04618756330278,,
Konkan,41 + elev + climate,Ridge,K,1772,-0.0690416270426874,375.2164939227381,243.8985340929716,,
Konkan,41 + elev + climate,Ridge,OC,1772,0.0559190278783012,0.6642795875068813,0.5203690874941131,,
Konkan,41 + elev + climate,Lasso,N,1772,0.1791492357254406,285.7733296583861,220.68621223750387,,
Konkan,41 + elev + climate,Lasso,P,1772,0.0509172391829734,28.107421235281095,14.90786396979173,,
Konkan,41 + elev + climate,Lasso,K,1772,-0.0979354484979126,380.25332160824416,246.8435165125508,,
Konkan,41 + elev + climate,Lasso,OC,1772,0.0277188327203383,0.6741277763208885,0.5327825173531486,,
Konkan,41 + elev + climate,ElasticNet,N,1772,0.1720800643756203,287.0012324021791,221.81436854889807,,
Konkan,41 + elev + climate,ElasticNet,P,1772,0.0471645411086084,28.1629351531249,14.92757313179265,,
Konkan,41 + elev + climate,ElasticNet,K,1772,-0.0812849394477561,377.35898043180913,244.49469562946496,,
Konkan,41 + elev + climate,ElasticNet,OC,1772,0.031830969496301,0.6727006979232613,0.5313381484240045,,
Vidarbha,41 inputs,PLSR,N,3561,0.0213832803291739,95.79225106352835,68.18622203656707,8.0,
Vidarbha,41 inputs,PLSR,P,3561,-0.025593675435777,18.689148523105256,10.407683942383956,5.0,
Vidarbha,41 inputs,PLSR,K,3561,0.2310769144037406,300.9732066266067,198.16334202835887,12.0,
Vidarbha,41 inputs,PLSR,OC,3561,-0.0173051672427175,0.2644416518321022,0.1857368523058414,3.0,
Vidarbha,41 + elev + climate,PLSR,N,3561,0.1142514408385373,91.1337603857984,64.01105322022082,12.0,
Vidarbha,41 + elev + climate,PLSR,P,3561,0.0372512912254674,18.107492783900238,9.87208591867426,12.0,
Vidarbha,41 + elev + climate,PLSR,K,3561,0.3913938276195973,267.76546400378413,173.87762124442784,8.0,
Vidarbha,41 + elev + climate,PLSR,OC,3561,0.074637675463944,0.2522087460377927,0.1759422258323937,2.0,
Marathwada,41 inputs,PLSR,N,3838,0.0744669507958363,67.60562262039547,49.11097604871958,5.0,
Marathwada,41 inputs,PLSR,P,3838,0.155734565790735,13.38762939340589,6.547237115871354,5.0,
Marathwada,41 inputs,PLSR,K,3838,-0.0149019886199412,184.01309701181785,142.33045137594468,5.0,
Marathwada,41 inputs,PLSR,OC,3838,0.0003324532293004,0.1391376009502697,0.0950801785364616,3.0,
Marathwada,41 + elev + climate,PLSR,N,3838,0.3908090624462743,54.84835012151753,39.13024368713544,20.0,
Marathwada,41 + elev + climate,PLSR,P,3838,0.3234694191938566,11.984168129251325,5.553322045955323,12.0,
Marathwada,41 + elev + climate,PLSR,K,3838,0.0846252078563492,174.7576343983148,130.97768466584102,12.0,
Marathwada,41 + elev + climate,PLSR,OC,3838,0.0397843559749334,0.1363644304176774,0.0917006204042895,12.0,
North MH,41 inputs,PLSR,N,5373,-0.0121684240456938,63.28303387422504,45.51557320096656,5.0,
North MH,41 inputs,PLSR,P,5373,-0.015486031237901,22.158858292806404,10.490576071753216,2.0,
North MH,41 inputs,PLSR,K,5373,-0.0737893608267741,148.18279066402113,110.3098822537248,2.0,
North MH,41 inputs,PLSR,OC,5373,0.0222339079908032,0.347028806763496,0.2120600991753685,5.0,
North MH,41 + elev + climate,PLSR,N,5373,0.047982194491795,61.37385949896033,44.16102597555009,16.0,
North MH,41 + elev + climate,PLSR,P,5373,0.0126976656252384,21.84919724025684,10.491441045510234,5.0,
North MH,41 + elev + climate,PLSR,K,5373,-0.0012416976463582,143.08947328930608,104.25275751184428,20.0,
North MH,41 + elev + climate,PLSR,OC,5373,0.0780581644366228,0.3369766450759718,0.2136657778287347,12.0,
Western MH,41 inputs,PLSR,N,2729,0.0822240616296136,116.33640416669977,85.57341103689727,5.0,
Western MH,41 inputs,PLSR,P,2729,0.1499522693260585,38.27554135066087,20.828405186870462,8.0,
Western MH,41 inputs,PLSR,K,2729,-0.0386857651850571,233.858618429457,167.58834164687576,2.0,
Western MH,41 inputs,PLSR,OC,2729,0.028168774401854,0.2845627024952995,0.2140290395954319,12.0,
Western MH,41 + elev + climate,PLSR,N,2729,0.1107502131015805,114.51415881677346,77.69568101488852,3.0,
Western MH,41 + elev + climate,PLSR,P,2729,0.1959317737704314,37.22597969312742,19.993989804929047,12.0,
Western MH,41 + elev + climate,PLSR,K,2729,-0.0558351764217657,235.78129747262244,170.591149872787,1.0,
Western MH,41 + elev + climate,PLSR,OC,2729,0.2652763526238715,0.2474255595778521,0.1821661536438794,20.0,
Konkan,41 inputs,PLSR,N,1772,-0.0313577903509114,320.32753240932595,250.059254612355,3.0,
Konkan,41 inputs,PLSR,P,1772,-0.0460190591392257,29.50793096427876,16.037756970620983,1.0,
Konkan,41 inputs,PLSR,K,1772,-0.1316228939733832,386.0428164119458,253.3109446434782,3.0,
Konkan,41 inputs,PLSR,OC,1772,0.0216949157260324,0.6762128826401398,0.5322595277437201,2.0,
Konkan,41 + elev + climate,PLSR,N,1772,0.1454195537341552,291.5855965077299,220.39118055914653,5.0,
Konkan,41 + elev + climate,PLSR,P,1772,0.0498200896285243,28.123662778605983,15.165398794146435,8.0,
Konkan,41 + elev + climate,PLSR,K,1772,-0.0705134258411188,375.4746939904536,245.22643950076787,3.0,
Konkan,41 + elev + climate,PLSR,OC,1772,0.0408329019986973,0.6695660447774364,0.5276692807841664,1.0,
Vidarbha,41 inputs,MLP,N,3561,0.07514857745778913,93.12366241491851,66.43772727800706,,38.0
Vidarbha,41 inputs,MLP,P,3561,0.005677528211176064,18.40201903925995,10.301605320709962,,39.0
Vidarbha,41 inputs,MLP,K,3561,0.21998672323091994,303.1359072999635,198.89549151236992,,36.0
Vidarbha,41 inputs,MLP,OC,3561,-0.020339549851001726,0.26483574188012454,0.18892903922554802,,35.0
Vidarbha,41 + elev + climate,MLP,N,3561,0.17039349739712484,88.19828431938468,61.60508874286246,,39.0
Vidarbha,41 + elev + climate,MLP,P,3561,0.03945716690254153,18.086736701166654,9.89501121825503,,39.0
Vidarbha,41 + elev + climate,MLP,K,3561,0.3669160490995642,273.0970678759639,178.04439951989184,,32.0
Vidarbha,41 + elev + climate,MLP,OC,3561,0.06100048110166889,0.2540603669207375,0.18182723696151984,,38.0
Marathwada,41 inputs,MLP,N,3838,0.09384801966907919,66.8940319288654,48.46227719045124,,32.0
Marathwada,41 inputs,MLP,P,3838,0.17483257239726147,13.235343440855203,6.286623308322912,,32.0
Marathwada,41 inputs,MLP,K,3838,-0.019569484153307615,184.43574623941123,141.42922565767296,,30.0
Marathwada,41 inputs,MLP,OC,3838,-0.004681902120716508,0.13948612314743014,0.09443821706118806,,29.0
Marathwada,41 + elev + climate,MLP,N,3838,0.3815947710736084,55.26159653345407,39.820100273463844,,34.0
Marathwada,41 + elev + climate,MLP,P,3838,0.4024937186103442,11.26251583475633,5.045980398878503,,38.0
Marathwada,41 + elev + climate,MLP,K,3838,0.07982868918347485,175.21489685663747,129.23131717301908,,29.0
Marathwada,41 + elev + climate,MLP,OC,3838,0.04407248575959255,0.13605960166216172,0.09012837554270257,,29.0
North MH,41 inputs,MLP,N,5373,-0.03938506468702685,64.12821259294472,46.45091609128108,,30.0
North MH,41 inputs,MLP,P,5373,0.019227600852809057,21.776822989038255,10.664032104662997,,34.0
North MH,41 inputs,MLP,K,5373,-0.04725955604618148,146.3407872588627,108.25561400459175,,38.0
North MH,41 inputs,MLP,OC,5373,0.06041267476782253,0.3401861401518439,0.21663222715447966,,34.0
North MH,41 + elev + climate,MLP,N,5373,0.019926711995894686,62.27162164950408,44.61508357971397,,42.0
North MH,41 + elev + climate,MLP,P,5373,0.05419137154870035,21.385137113435867,10.362863263907654,,39.0
North MH,41 + elev + climate,MLP,K,5373,0.06721848823015408,138.11097330539587,99.23799375258534,,41.0
North MH,41 + elev + climate,MLP,OC,5373,0.15648063013794766,0.3223261721890599,0.2020510393008678,,36.0
Western MH,41 inputs,MLP,N,2729,0.14033415516393466,112.593193811744,80.57197670211389,,39.0
Western MH,41 inputs,MLP,P,2729,0.12900375486357996,38.7443007385916,20.902165283632257,,36.0
Western MH,41 inputs,MLP,K,2729,-0.08864620366513298,239.4168271061245,172.99213075708798,,34.0
Western MH,41 inputs,MLP,OC,2729,0.07424247417317698,0.27773536134768845,0.2063404420642381,,43.0
Western MH,41 + elev + climate,MLP,N,2729,0.2835186240501092,102.78973710864034,67.9144910906959,,41.0
Western MH,41 + elev + climate,MLP,P,2729,0.23202306607672984,36.38092808813198,19.213477860424753,,35.0
Western MH,41 + elev + climate,MLP,K,2729,-0.12806503005816183,243.71281045553997,176.19709564339294,,28.0
Western MH,41 + elev + climate,MLP,OC,2729,0.30638046796187757,0.24040484126619788,0.17360203566885674,,52.0
Konkan,41 inputs,MLP,N,1772,0.03353928138919582,310.08566886547976,235.32545150345294,,48.0
Konkan,41 inputs,MLP,P,1772,0.01969970673865229,28.565940426067,15.812736334276039,,42.0
Konkan,41 inputs,MLP,K,1772,-0.10591406865778907,381.6324577765488,256.5562499898657,,40.0
Konkan,41 inputs,MLP,OC,1772,-0.05237829343697675,0.701345840859954,0.5407664226685218,,39.0
Konkan,41 + elev + climate,MLP,N,1772,0.2749740808599477,268.5754782940491,197.0811237262573,,51.0
Konkan,41 + elev + climate,MLP,P,1772,0.034163647226338245,28.354417755183206,15.41692246077966,,38.0
Konkan,41 + elev + climate,MLP,K,1772,-0.09842989046281359,380.3389332155339,253.88621791244165,,42.0
Konkan,41 + elev + climate,MLP,OC,1772,0.01599709239868885,0.6781792159557124,0.5187324819468975,,50.0
