region,features,model,target,n,R2,RMSE,MAE,median_epochs
Vidarbha,41 inputs,MLP,N,3561,0.07514857745778913,93.12366241491851,66.43772727800706,38.0
Vidarbha,41 inputs,MLP,P,3561,0.005677528211176064,18.40201903925995,10.301605320709962,39.0
Vidarbha,41 inputs,MLP,K,3561,0.21998672323091994,303.1359072999635,198.89549151236992,36.0
Vidarbha,41 inputs,MLP,OC,3561,-0.020339549851001726,0.26483574188012454,0.18892903922554802,35.0
Vidarbha,41 + elev + climate,MLP,N,3561,0.17039349739712484,88.19828431938468,61.60508874286246,39.0
Vidarbha,41 + elev + climate,MLP,P,3561,0.03945716690254153,18.086736701166654,9.89501121825503,39.0
Vidarbha,41 + elev + climate,MLP,K,3561,0.3669160490995642,273.0970678759639,178.04439951989184,32.0
Vidarbha,41 + elev + climate,MLP,OC,3561,0.06100048110166889,0.2540603669207375,0.18182723696151984,38.0
Marathwada,41 inputs,MLP,N,3838,0.09384801966907919,66.8940319288654,48.46227719045124,32.0
Marathwada,41 inputs,MLP,P,3838,0.17483257239726147,13.235343440855203,6.286623308322912,32.0
Marathwada,41 inputs,MLP,K,3838,-0.019569484153307615,184.43574623941123,141.42922565767296,30.0
Marathwada,41 inputs,MLP,OC,3838,-0.004681902120716508,0.13948612314743014,0.09443821706118806,29.0
Marathwada,41 + elev + climate,MLP,N,3838,0.3815947710736084,55.26159653345407,39.820100273463844,34.0
Marathwada,41 + elev + climate,MLP,P,3838,0.4024937186103442,11.26251583475633,5.045980398878503,38.0
Marathwada,41 + elev + climate,MLP,K,3838,0.07982868918347485,175.21489685663747,129.23131717301908,29.0
Marathwada,41 + elev + climate,MLP,OC,3838,0.04407248575959255,0.13605960166216172,0.09012837554270257,29.0
North MH,41 inputs,MLP,N,5373,-0.03938506468702685,64.12821259294472,46.45091609128108,30.0
North MH,41 inputs,MLP,P,5373,0.019227600852809057,21.776822989038255,10.664032104662997,34.0
North MH,41 inputs,MLP,K,5373,-0.04725955604618148,146.3407872588627,108.25561400459175,38.0
North MH,41 inputs,MLP,OC,5373,0.06041267476782253,0.3401861401518439,0.21663222715447966,34.0
North MH,41 + elev + climate,MLP,N,5373,0.019926711995894686,62.27162164950408,44.61508357971397,42.0
North MH,41 + elev + climate,MLP,P,5373,0.05419137154870035,21.385137113435867,10.362863263907654,39.0
North MH,41 + elev + climate,MLP,K,5373,0.06721848823015408,138.11097330539587,99.23799375258534,41.0
North MH,41 + elev + climate,MLP,OC,5373,0.15648063013794766,0.3223261721890599,0.2020510393008678,36.0
Western MH,41 inputs,MLP,N,2729,0.14033415516393466,112.593193811744,80.57197670211389,39.0
Western MH,41 inputs,MLP,P,2729,0.12900375486357996,38.7443007385916,20.902165283632257,36.0
Western MH,41 inputs,MLP,K,2729,-0.08864620366513298,239.4168271061245,172.99213075708798,34.0
Western MH,41 inputs,MLP,OC,2729,0.07424247417317698,0.27773536134768845,0.2063404420642381,43.0
Western MH,41 + elev + climate,MLP,N,2729,0.2835186240501092,102.78973710864034,67.9144910906959,41.0
Western MH,41 + elev + climate,MLP,P,2729,0.23202306607672984,36.38092808813198,19.213477860424753,35.0
Western MH,41 + elev + climate,MLP,K,2729,-0.12806503005816183,243.71281045553997,176.19709564339294,28.0
Western MH,41 + elev + climate,MLP,OC,2729,0.30638046796187757,0.24040484126619788,0.17360203566885674,52.0
Konkan,41 inputs,MLP,N,1772,0.03353928138919582,310.08566886547976,235.32545150345294,48.0
Konkan,41 inputs,MLP,P,1772,0.01969970673865229,28.565940426067,15.812736334276039,42.0
Konkan,41 inputs,MLP,K,1772,-0.10591406865778907,381.6324577765488,256.5562499898657,40.0
Konkan,41 inputs,MLP,OC,1772,-0.05237829343697675,0.701345840859954,0.5407664226685218,39.0
Konkan,41 + elev + climate,MLP,N,1772,0.2749740808599477,268.5754782940491,197.0811237262573,51.0
Konkan,41 + elev + climate,MLP,P,1772,0.034163647226338245,28.354417755183206,15.41692246077966,38.0
Konkan,41 + elev + climate,MLP,K,1772,-0.09842989046281359,380.3389332155339,253.88621791244165,42.0
Konkan,41 + elev + climate,MLP,OC,1772,0.01599709239868885,0.6781792159557124,0.5187324819468975,50.0
