region,features,model,target,n,R2,RMSE,MAE,median_alpha
Vidarbha,41 inputs,MLP_improved,N,3561,0.16917113987796528,88.26323689187298,64.62478655556441,1.0
Vidarbha,41 inputs,MLP_improved,P,3561,0.032441552512569305,18.152667503063157,9.952147696564431,1.0
Vidarbha,41 inputs,MLP_improved,K,3561,0.2614792006465878,294.9631420469998,190.77574308065667,1.0
Vidarbha,41 inputs,MLP_improved,OC,3561,0.05171926569763852,0.25531286539470777,0.1795979856667595,1.0
Vidarbha,41 + elev + climate,MLP_improved,N,3561,0.3012213996777291,80.94571463174918,58.61910051597541,1.0
Vidarbha,41 + elev + climate,MLP_improved,P,3561,0.06783768935829837,17.817534899350875,9.484935986725953,1.0
Vidarbha,41 + elev + climate,MLP_improved,K,3561,0.40543671448951,264.65824559780367,170.63206237451445,1.0
Vidarbha,41 + elev + climate,MLP_improved,OC,3561,0.13796961513485773,0.2434251930810656,0.17089962514276474,1.0
Marathwada,41 inputs,MLP_improved,N,3838,0.09284643262393844,66.93099134257739,48.02750814177526,1.0
Marathwada,41 inputs,MLP_improved,P,3838,0.23085323597627783,12.778173645866008,5.909923331565242,1.0
Marathwada,41 inputs,MLP_improved,K,3838,0.01580157927511394,181.2082703092133,138.47273888098576,1.0
Marathwada,41 inputs,MLP_improved,OC,3838,0.011721495325576314,0.13834274505591507,0.09332243423878714,1.0
Marathwada,41 + elev + climate,MLP_improved,N,3838,0.46934915149037537,51.19072527071982,36.9967847079688,1.0
Marathwada,41 + elev + climate,MLP_improved,P,3838,0.40320364969138267,11.255823029414982,4.812044339109078,1.0
Marathwada,41 + elev + climate,MLP_improved,K,3838,0.15298084420497304,168.10603277316423,122.11147912988689,1.0
Marathwada,41 + elev + climate,MLP_improved,OC,3838,0.08168391423305121,0.13335607665485782,0.08753536436552828,1.0
North MH,41 inputs,MLP_improved,N,5373,0.006228093569220161,62.705300996635216,45.325664498078474,1.0
North MH,41 inputs,MLP_improved,P,5373,0.024379671224520005,21.719550039672665,10.274071413287599,1.0
North MH,41 inputs,MLP_improved,K,5373,-0.024082368179878744,144.7123731227166,105.14758220645288,1.0
North MH,41 inputs,MLP_improved,OC,5373,0.10312352535547786,0.33236429080741736,0.20279951267458712,1.0
North MH,41 + elev + climate,MLP_improved,N,5373,0.14831515929975125,58.049750554682774,40.984664254732245,1.0
North MH,41 + elev + climate,MLP_improved,P,5373,0.049709690576160925,21.43574359564695,10.397632836284442,1.0
North MH,41 + elev + climate,MLP_improved,K,5373,0.16097382234336866,130.98633073965613,90.43263643727624,1.0
North MH,41 + elev + climate,MLP_improved,OC,5373,0.16593239533200121,0.32051522757665313,0.19545017929524752,1.0
Western MH,41 inputs,MLP_improved,N,2729,0.20263057561135,108.43689952282224,77.80812112355896,1.0
Western MH,41 inputs,MLP_improved,P,2729,0.13265548533725047,38.662995938477145,20.54232113763393,1.0
Western MH,41 inputs,MLP_improved,K,2729,-0.04040962638974199,234.05260042261517,169.71227697498884,1.0
Western MH,41 inputs,MLP_improved,OC,2729,0.13917426682699863,0.2678182529538473,0.19928347859567033,1.0
Western MH,41 + elev + climate,MLP_improved,N,2729,0.3860231249589935,95.15318054860371,62.53693914799233,1.0
Western MH,41 + elev + climate,MLP_improved,P,2729,0.3137001207311071,34.39193782421543,18.30011703611608,1.0
Western MH,41 + elev + climate,MLP_improved,K,2729,-0.04543723642664044,234.61742941615174,168.8227497307227,1.0
Western MH,41 + elev + climate,MLP_improved,OC,2729,0.394313506094668,0.2246500382588087,0.15945177159185528,1.0
Konkan,41 inputs,MLP_improved,N,1772,0.12087176164801894,295.74383938134963,225.39252530246958,1.0
Konkan,41 inputs,MLP_improved,P,1772,0.03871545897157569,28.287524230954833,15.313235933713194,1.0
Konkan,41 inputs,MLP_improved,K,1772,-0.002888485866114232,363.4217668320017,240.72120719043306,1.0
Konkan,41 inputs,MLP_improved,OC,1772,0.03949199966791894,0.6700339033524165,0.5172603020396581,1.0
Konkan,41 + elev + climate,MLP_improved,N,1772,0.3708430167286295,250.18951327558378,185.37900845756386,1.0
Konkan,41 + elev + climate,MLP_improved,P,1772,0.05758356695049027,28.0085344589842,14.961015577471569,1.0
Konkan,41 + elev + climate,MLP_improved,K,1772,0.02821988245546936,357.74091828617406,238.53734513823295,1.0
Konkan,41 + elev + climate,MLP_improved,OC,1772,0.10219121876810178,0.6477959215904278,0.49590872072391157,1.0
