region,features,model,target,n,R2,RMSE,MAE,median_components,median_epochs,median_alpha
Vidarbha,41 inputs,DecisionTree_tuned,N,3561,0.08789213611245072,92.47985995026953,66.62871504899823,,,
Vidarbha,41 inputs,DecisionTree_tuned,P,3561,0.008144090649205293,18.379180415891046,10.26940344735796,,,
Vidarbha,41 inputs,DecisionTree_tuned,K,3561,0.15718565999726064,315.1028588706174,203.3859328579563,,,
Vidarbha,41 inputs,DecisionTree_tuned,OC,3561,-0.0008555612394656187,0.26229495621427273,0.1848312886324282,,,
Vidarbha,41 + elev + climate,DecisionTree_tuned,N,3561,0.2509671165411659,83.80588283776972,59.42109240886834,,,
Vidarbha,41 + elev + climate,DecisionTree_tuned,P,3561,0.0490245582781631,17.99643570871537,9.806959376919462,,,
Vidarbha,41 + elev + climate,DecisionTree_tuned,K,3561,0.38580895461902476,268.99123291064643,175.0261445951928,,,
Vidarbha,41 + elev + climate,DecisionTree_tuned,OC,3561,0.11389350198159964,0.24680116009055353,0.17735886753240504,,,
Marathwada,41 inputs,DecisionTree_tuned,N,3838,0.06903039442046877,67.80388870377881,48.918752760471605,,,
Marathwada,41 inputs,DecisionTree_tuned,P,3838,0.17872472655238203,13.204092276362559,6.283506005228792,,,
Marathwada,41 inputs,DecisionTree_tuned,K,3838,-0.05137992257893864,187.29083362269046,142.376770822422,,,
Marathwada,41 inputs,DecisionTree_tuned,OC,3838,0.0017544964681992514,0.13903860298835277,0.09366634717912256,,,
Marathwada,41 + elev + climate,DecisionTree_tuned,N,3838,0.36966224372364676,55.792203219497885,38.76358507870704,,,
Marathwada,41 + elev + climate,DecisionTree_tuned,P,3838,0.3588183326906528,11.666879846248861,5.156451917611871,,,
Marathwada,41 + elev + climate,DecisionTree_tuned,K,3838,0.07222353137417892,175.93747694129132,130.08328141334562,,,
Marathwada,41 + elev + climate,DecisionTree_tuned,OC,3838,0.04390353631860633,0.1360716246334158,0.08959844580473993,,,
North MH,41 inputs,DecisionTree_tuned,N,5373,-0.009177176315437352,63.18945493548744,45.523345473157626,,,
North MH,41 inputs,DecisionTree_tuned,P,5373,-0.0010789873585459464,22.00110917444836,10.497756099031,,,
North MH,41 inputs,DecisionTree_tuned,K,5373,-0.07276684113996401,148.1122200685513,107.3820149969405,,,
North MH,41 inputs,DecisionTree_tuned,OC,5373,0.056024709569219344,0.3409795662489158,0.2067295279388946,,,
North MH,41 + elev + climate,DecisionTree_tuned,N,5373,0.19739525242677047,56.35231493612164,40.53001642602771,,,
North MH,41 + elev + climate,DecisionTree_tuned,P,5373,0.07525996407533153,21.14561075554014,10.398189298187768,,,
North MH,41 + elev + climate,DecisionTree_tuned,K,5373,0.1375326566970947,132.80350920544163,91.60750830100856,,,
North MH,41 + elev + climate,DecisionTree_tuned,OC,5373,0.25922901558288913,0.30205777728485766,0.18644633421753035,,,
Western MH,41 inputs,DecisionTree_tuned,N,2729,0.11288493221036999,114.37662577933891,83.08474204257492,,,
Western MH,41 inputs,DecisionTree_tuned,P,2729,0.19828810613179182,37.17139406475832,19.74550070705684,,,
Western MH,41 inputs,DecisionTree_tuned,K,2729,-0.06124669405235594,236.3847552623865,171.62345790452602,,,
Western MH,41 inputs,DecisionTree_tuned,OC,2729,0.08068311295350294,0.2767675511021435,0.20675501916171232,,,
Western MH,41 + elev + climate,DecisionTree_tuned,N,2729,0.3494168049758485,97.94871049906041,61.202726703732694,,,
Western MH,41 + elev + climate,DecisionTree_tuned,P,2729,0.25550239417042186,35.82047482801512,19.559203662436705,,,
Western MH,41 + elev + climate,DecisionTree_tuned,K,2729,-0.06071747241316516,236.32580783365322,169.89962722443647,,,
Western MH,41 + elev + climate,DecisionTree_tuned,OC,2729,0.2760966397362645,0.24559688174190938,0.1639756981345843,,,
Konkan,41 inputs,DecisionTree_tuned,N,1772,-0.01941207103214926,318.46702982019093,245.46610219700267,,,
Konkan,41 inputs,DecisionTree_tuned,P,1772,-0.020251286128299073,29.142213483261536,15.889819934724716,,,
Konkan,41 inputs,DecisionTree_tuned,K,1772,-0.04624374306744694,371.19408724140794,247.95139979197063,,,
Konkan,41 inputs,DecisionTree_tuned,OC,1772,0.00309094885167871,0.6826122135529725,0.524541979028188,,,
Konkan,41 + elev + climate,DecisionTree_tuned,N,1772,0.29628069111960387,264.5996864993663,182.07299895016376,,,
Konkan,41 + elev + climate,DecisionTree_tuned,P,1772,0.03713500768988032,28.31076848973242,15.234159245348636,,,
Konkan,41 + elev + climate,DecisionTree_tuned,K,1772,-0.08580077699294719,378.1461532986567,254.4051214402695,,,
Konkan,41 + elev + climate,DecisionTree_tuned,OC,1772,0.044981248350848824,0.6681165571901235,0.49630414866374895,,,
Vidarbha,41 inputs,KNN_tuned,N,3561,0.1125239587417236,91.22258652750719,66.30822303335452,,,
Vidarbha,41 inputs,KNN_tuned,P,3561,-0.004717932824090276,18.49796380513862,10.288347393180473,,,
Vidarbha,41 inputs,KNN_tuned,K,3561,0.2077972029265034,305.4953267207947,196.56783092597288,,,
Vidarbha,41 inputs,KNN_tuned,OC,3561,0.009898255452133409,0.26088202025595286,0.18147582828817688,,,
Vidarbha,41 + elev + climate,KNN_tuned,N,3561,0.22411506586028818,85.29483292334446,62.731486617421595,,,
Vidarbha,41 + elev + climate,KNN_tuned,P,3561,0.04707006528126667,18.014919810284983,9.908262586874008,,,
Vidarbha,41 + elev + climate,KNN_tuned,K,3561,0.2941915917208726,288.35653565767575,183.6602140602451,,,
Vidarbha,41 + elev + climate,KNN_tuned,OC,3561,0.08440992978336215,0.2508734909248067,0.17398675855911658,,,
Marathwada,41 inputs,KNN_tuned,N,3838,0.06695902160752432,67.87927736051215,48.36135060915218,,,
Marathwada,41 inputs,KNN_tuned,P,3838,0.09448777278648457,13.864727442037683,6.463044553004711,,,
Marathwada,41 inputs,KNN_tuned,K,3838,0.00032139564030175816,182.62779752960768,143.91105106200877,,,
Marathwada,41 inputs,KNN_tuned,OC,3838,0.0006281915283580242,0.13911701842695068,0.09396266745260952,,,
Marathwada,41 + elev + climate,KNN_tuned,N,3838,0.27427433483379937,59.86501452794774,42.344013970881974,,,
Marathwada,41 + elev + climate,KNN_tuned,P,3838,0.314942804539983,12.059452551585718,5.28315744589453,,,
Marathwada,41 + elev + climate,KNN_tuned,K,3838,0.06824780154920718,176.3140396923273,132.7315083403208,,,
Marathwada,41 + elev + climate,KNN_tuned,OC,3838,0.03193349473994078,0.13692076316820948,0.09110118309943029,,,
North MH,41 inputs,KNN_tuned,N,5373,-0.006709792367335821,63.11216025094244,45.486956840134184,,,
North MH,41 inputs,KNN_tuned,P,5373,-0.01181228312100413,22.11873965942928,10.476714241585196,,,
North MH,41 inputs,KNN_tuned,K,5373,-0.009714642707213894,143.69364064599552,106.59127353139922,,,
North MH,41 inputs,KNN_tuned,OC,5373,0.036960066819220816,0.3444055875608902,0.20557254682034007,,,
North MH,41 + elev + climate,KNN_tuned,N,5373,0.020577461373273764,62.250944650956114,44.744595365816146,,,
North MH,41 + elev + climate,KNN_tuned,P,5373,0.04277493038083546,21.513815279554066,10.284369067542645,,,
North MH,41 + elev + climate,KNN_tuned,K,5373,0.047022708696596416,139.59809667763676,102.06300520669251,,,
North MH,41 + elev + climate,KNN_tuned,OC,5373,0.12926292549904717,0.3274851104532902,0.1994682142625107,,,
Western MH,41 inputs,KNN_tuned,N,2729,0.12155392029971834,113.81640316234581,82.38465871037053,,,
Western MH,41 inputs,KNN_tuned,P,2729,0.08777518683187502,39.650678771699376,20.775473961862883,,,
Western MH,41 inputs,KNN_tuned,K,2729,-0.0338489854039048,233.31348603415375,168.1495858571764,,,
Western MH,41 inputs,KNN_tuned,OC,2729,0.042561662337204376,0.282447645556975,0.210581531775684,,,
Western MH,41 + elev + climate,KNN_tuned,N,2729,0.32253639865006134,99.95172313095804,67.90702594614005,,,
Western MH,41 + elev + climate,KNN_tuned,P,2729,0.2008724751862091,37.11143353287729,19.445564092952722,,,
Western MH,41 + elev + climate,KNN_tuned,K,2729,-0.046329972215320314,234.7175820954282,168.62873596118916,,,
Western MH,41 + elev + climate,KNN_tuned,OC,2729,0.14769125310234077,0.2664900662894212,0.19700572339189312,,,
Konkan,41 inputs,KNN_tuned,N,1772,0.05116023466017594,307.2458533406652,242.17667723569977,,,
Konkan,41 inputs,KNN_tuned,P,1772,-0.015457326573153685,29.07366610928461,15.61057898459471,,,
Konkan,41 inputs,KNN_tuned,K,1772,-0.060914337734885304,373.78749858244015,246.52738064528774,,,
Konkan,41 inputs,KNN_tuned,OC,1772,0.025030586400872967,0.6750590761633961,0.5251497941337638,,,
Konkan,41 + elev + climate,KNN_tuned,N,1772,0.2829753921039091,267.0893811805158,202.57339475091615,,,
Konkan,41 + elev + climate,KNN_tuned,P,1772,0.007094350329097776,28.749013763884477,15.210197764153456,,,
Konkan,41 + elev + climate,KNN_tuned,K,1772,-0.0013607419966725764,363.1448532013758,240.84680010738472,,,
Konkan,41 + elev + climate,KNN_tuned,OC,1772,0.07883055213951085,0.6561695121753403,0.5125092639783974,,,
Vidarbha,41 inputs,SVR_tuned,N,3561,0.15831397137662406,88.8380715368788,64.34088327232018,,,
Vidarbha,41 inputs,SVR_tuned,P,3561,0.029628353522702877,18.17903800306055,10.073895829877998,,,
Vidarbha,41 inputs,SVR_tuned,K,3561,0.23215482871479165,300.76217309759426,195.04243448304427,,,
Vidarbha,41 inputs,SVR_tuned,OC,3561,0.012432589516822024,0.2605479203383905,0.17818213458257706,,,
Vidarbha,41 + elev + climate,SVR_tuned,N,3561,0.298369075257615,81.11075138942323,58.99196521841159,,,
Vidarbha,41 + elev + climate,SVR_tuned,P,3561,0.0691713272983644,17.80478462751777,9.715543871887283,,,
Vidarbha,41 + elev + climate,SVR_tuned,K,3561,0.3492581638080403,276.87946654329926,178.4063370534273,,,
Vidarbha,41 + elev + climate,SVR_tuned,OC,3561,0.08775234120910147,0.25041515857840535,0.1702057504869317,,,
Marathwada,41 inputs,SVR_tuned,N,3838,0.09699839787259268,66.77764693346256,47.35631847988794,,,
Marathwada,41 inputs,SVR_tuned,P,3838,0.18696771602924456,13.137661640250736,6.06902175298884,,,
Marathwada,41 inputs,SVR_tuned,K,3838,0.012069986893530227,181.55147125809464,138.4674270009667,,,
Marathwada,41 inputs,SVR_tuned,OC,3838,0.0103547451731123,0.13843837328198477,0.09309714425545446,,,
Marathwada,41 + elev + climate,SVR_tuned,N,3838,0.38316839962333626,55.19124087179555,39.263444006800505,,,
Marathwada,41 + elev + climate,SVR_tuned,P,3838,0.39153431665511373,11.365334488311548,5.042036836062948,,,
Marathwada,41 + elev + climate,SVR_tuned,K,3838,0.08832641770825311,174.40397061023205,126.7250642439517,,,
Marathwada,41 + elev + climate,SVR_tuned,OC,3838,0.07127072646620036,0.13411003675055244,0.0884233576196579,,,
North MH,41 inputs,SVR_tuned,N,5373,0.01055043591504401,62.568786204161974,44.74658656975505,,,
North MH,41 inputs,SVR_tuned,P,5373,-0.04227465051157275,22.44923214359702,10.005702050708855,,,
North MH,41 inputs,SVR_tuned,K,5373,0.0013509050310394066,142.90409616567771,105.37805833105767,,,
North MH,41 inputs,SVR_tuned,OC,5373,0.02655383898833319,0.34626134303067096,0.2009398943090187,,,
North MH,41 + elev + climate,SVR_tuned,N,5373,0.09462633011483912,59.85147108243263,42.31395772536842,,,
North MH,41 + elev + climate,SVR_tuned,P,5373,0.014176587553132336,21.832826689058752,9.857187827368778,,,
North MH,41 + elev + climate,SVR_tuned,K,5373,0.12428191802709332,133.8198009906144,96.52496337633009,,,
North MH,41 + elev + climate,SVR_tuned,OC,5373,0.12638277618114568,0.32802627687907804,0.19508325127697715,,,
Western MH,41 inputs,SVR_tuned,N,2729,0.20750699317882138,108.104810952189,78.51238290708093,,,
Western MH,41 inputs,SVR_tuned,P,2729,0.15900863232618068,38.07110258876367,20.273251228988602,,,
Western MH,41 inputs,SVR_tuned,K,2729,-0.043732654885833666,234.42607996096677,170.01803592149207,,,
Western MH,41 inputs,SVR_tuned,OC,2729,0.10245482094828018,0.2734706427692852,0.203452583785455,,,
Western MH,41 + elev + climate,SVR_tuned,N,2729,0.3288012004172991,99.488501123469,66.95413123433332,,,
Western MH,41 + elev + climate,SVR_tuned,P,2729,0.247547593972964,36.011333478061424,18.92286701295637,,,
Western MH,41 + elev + climate,SVR_tuned,K,2729,-0.03882226081708784,233.87398382310064,169.7913517316911,,,
Western MH,41 + elev + climate,SVR_tuned,OC,2729,0.26918885195543607,0.24676589350201913,0.17870596318870555,,,
Konkan,41 inputs,SVR_tuned,N,1772,0.13174071377247387,293.9099642783647,228.54822015551414,,,
Konkan,41 inputs,SVR_tuned,P,1772,-0.016182622440555017,29.08404726725849,15.594266502426763,,,
Konkan,41 inputs,SVR_tuned,K,1772,-0.031170473223318673,368.5104834458521,246.1364237991082,,,
Konkan,41 inputs,SVR_tuned,OC,1772,0.036743134381394316,0.6709919989851366,0.512217404057007,,,
Konkan,41 + elev + climate,SVR_tuned,N,1772,0.3068541256100914,262.6043482090122,195.43833145321787,,,
Konkan,41 + elev + climate,SVR_tuned,P,1772,0.03693972129797474,28.31363931148448,15.105740351056706,,,
Konkan,41 + elev + climate,SVR_tuned,K,1772,-0.007172909018785534,364.1972235412914,239.2843864002875,,,
Konkan,41 + elev + climate,SVR_tuned,OC,1772,0.07841067376310085,0.6563190394973728,0.5034775984561832,,,
Vidarbha,41 inputs,Cubist_tuned,N,3561,0.13739545917572804,89.93524732855462,64.62053195178737,,,
Vidarbha,41 inputs,Cubist_tuned,P,3561,0.024845242926726963,18.223786560233044,9.92720654343212,,,
Vidarbha,41 inputs,Cubist_tuned,K,3561,0.26925808639048965,293.40559715362025,190.30153109786568,,,
Vidarbha,41 inputs,Cubist_tuned,OC,3561,0.007965931296691986,0.2611364703223535,0.17813915104467504,,,
Vidarbha,41 + elev + climate,Cubist_tuned,N,3561,0.3727599121042108,76.69039362362105,53.337457015925985,,,
Vidarbha,41 + elev + climate,Cubist_tuned,P,3561,0.18547820733778697,16.655328489026115,8.46044701051467,,,
Vidarbha,41 + elev + climate,Cubist_tuned,K,3561,0.4794611795322219,247.63552490638472,158.36699525056045,,,
Vidarbha,41 + elev + climate,Cubist_tuned,OC,3561,0.22647755395030778,0.2305901205611228,0.16122185387221077,,,
Marathwada,41 inputs,Cubist_tuned,N,3838,0.09994229323696446,66.6687064341265,47.05050598656572,,,
Marathwada,41 inputs,Cubist_tuned,P,3838,0.2023213943643416,13.013021550710349,5.887576537901536,,,
Marathwada,41 inputs,Cubist_tuned,K,3838,-0.00019605680346401755,182.6750572058594,138.24871199313324,,,
Marathwada,41 inputs,Cubist_tuned,OC,3838,0.006688117029677865,0.1386945927387452,0.09279163085483888,,,
Marathwada,41 + elev + climate,Cubist_tuned,N,3838,0.5143691777653067,48.971112775885466,34.6045639675534,,,
Marathwada,41 + elev + climate,Cubist_tuned,P,3838,0.5108594095584766,10.190160600622804,4.330055415551993,,,
Marathwada,41 + elev + climate,Cubist_tuned,K,3838,0.2149555625103644,161.83922995309126,115.33947600378151,,,
Marathwada,41 + elev + climate,Cubist_tuned,OC,3838,0.10610693315958875,0.13157079491381646,0.08552248113711598,,,
North MH,41 inputs,Cubist_tuned,N,5373,0.03395747177907493,61.82427357601249,44.12933852072367,,,
North MH,41 inputs,Cubist_tuned,P,5373,-0.00586266989291051,22.053612968826815,9.846751545207592,,,
North MH,41 inputs,Cubist_tuned,K,5373,0.025496230904544337,141.16595895257785,101.94817472782987,,,
North MH,41 inputs,Cubist_tuned,OC,5373,0.08071395091402,0.3364909401149173,0.19633740062684982,,,
North MH,41 + elev + climate,Cubist_tuned,N,5373,0.3311549773676099,51.44268748033213,37.76503400007596,,,
North MH,41 + elev + climate,Cubist_tuned,P,5373,0.33907459114866423,17.876670174791162,8.345957296599337,,,
North MH,41 + elev + climate,Cubist_tuned,K,5373,0.27995662346251704,121.34378877157712,80.2405639525704,,,
North MH,41 + elev + climate,Cubist_tuned,OC,5373,0.2763268229743342,0.2985515145556272,0.18011421157937235,,,
Western MH,41 inputs,Cubist_tuned,N,2729,0.264820223560005,104.12237802053768,73.26198831824291,,,
Western MH,41 inputs,Cubist_tuned,P,2729,0.20629161582541833,36.98538719873913,19.588112546157287,,,
Western MH,41 inputs,Cubist_tuned,K,2729,-0.020952422202449972,231.8537057493553,168.4779051870777,,,
Western MH,41 inputs,Cubist_tuned,OC,2729,0.130811573545072,0.26911600033882854,0.19757249415839798,,,
Western MH,41 + elev + climate,Cubist_tuned,N,2729,0.44972180127288075,90.08209044408154,57.44511116359502,,,
Western MH,41 + elev + climate,Cubist_tuned,P,2729,0.4052045611553585,32.017211174788756,16.71263201924046,,,
Western MH,41 + elev + climate,Cubist_tuned,K,2729,-0.018948870322362144,231.62609521399324,167.66444280084963,,,
Western MH,41 + elev + climate,Cubist_tuned,OC,2729,0.5194226314853944,0.20010788861522813,0.13609664005068686,,,
Konkan,41 inputs,Cubist_tuned,N,1772,0.09340642492567097,300.32805950081257,227.04718408292024,,,
Konkan,41 inputs,Cubist_tuned,P,1772,-0.017245560372952218,29.099254404428724,15.795237003320926,,,
Konkan,41 inputs,Cubist_tuned,K,1772,-0.0024177378833905028,363.336463158339,239.4960068206156,,,
Konkan,41 inputs,Cubist_tuned,OC,1772,0.062373971804519535,0.6620047603738667,0.5040883119576522,,,
Konkan,41 + elev + climate,Cubist_tuned,N,1772,0.4586338254742377,232.07862886144594,165.66278497116335,,,
Konkan,41 + elev + climate,Cubist_tuned,P,1772,0.019548032725516085,28.568150230182518,15.216547911640582,,,
Konkan,41 + elev + climate,Cubist_tuned,K,1772,0.03594903403605154,356.31541384243695,234.35145725417362,,,
Konkan,41 + elev + climate,Cubist_tuned,OC,1772,0.13576598132374962,0.6355679133337797,0.474542045550204,,,
Vidarbha,41 inputs,ExtraTrees_tuned,N,3561,0.13113865333577235,90.26082565224779,65.06517187550887,,,
Vidarbha,41 inputs,ExtraTrees_tuned,P,3561,0.02004170187980925,18.268615941682064,9.981773132837898,,,
Vidarbha,41 inputs,ExtraTrees_tuned,K,3561,0.23806458535622743,299.6025223227485,191.935421687218,,,
Vidarbha,41 inputs,ExtraTrees_tuned,OC,3561,0.04953095820455922,0.25560728300951324,0.17876141787977173,,,
Vidarbha,41 + elev + climate,ExtraTrees_tuned,N,3561,0.33333291948905075,79.06396108841834,55.91000086309085,,,
Vidarbha,41 + elev + climate,ExtraTrees_tuned,P,3561,0.19349600970581138,16.57315181413442,8.504754543500306,,,
Vidarbha,41 + elev + climate,ExtraTrees_tuned,K,3561,0.4488093165094378,254.82223439403634,162.10904209724163,,,
Vidarbha,41 + elev + climate,ExtraTrees_tuned,OC,3561,0.21430612495586276,0.23239721533584318,0.159749607194082,,,
Marathwada,41 inputs,ExtraTrees_tuned,N,3838,0.1259917465391316,65.69686079438068,46.757689771571485,,,
Marathwada,41 inputs,ExtraTrees_tuned,P,3838,0.19100694801100948,13.104986346893442,6.029310544994403,,,
Marathwada,41 inputs,ExtraTrees_tuned,K,3838,0.011245580013918066,181.62720590951216,139.7983210073551,,,
Marathwada,41 inputs,ExtraTrees_tuned,OC,3838,0.023627993145339587,0.13750686282305175,0.09228265921892875,,,
Marathwada,41 + elev + climate,ExtraTrees_tuned,N,3838,0.4907263428066566,50.14902078404273,35.29757258472709,,,
Marathwada,41 + elev + climate,ExtraTrees_tuned,P,3838,0.5177395496481454,10.118240563741892,4.307804700354866,,,
Marathwada,41 + elev + climate,ExtraTrees_tuned,K,3838,0.2213066012119801,161.1832578539958,117.25000844221668,,,
Marathwada,41 + elev + climate,ExtraTrees_tuned,OC,3838,0.13710315750525548,0.1292695253203842,0.0833092532522934,,,
North MH,41 inputs,ExtraTrees_tuned,N,5373,0.01798978015566033,62.33312539280193,44.522046985048036,,,
North MH,41 inputs,ExtraTrees_tuned,P,5373,0.006700863740093155,21.915451995800904,10.234428454912576,,,
North MH,41 inputs,ExtraTrees_tuned,K,5373,0.0004523823548607808,142.9683698441819,104.79309370930628,,,
North MH,41 inputs,ExtraTrees_tuned,OC,5373,0.10442305426326726,0.33212341394979417,0.20095533222696543,,,
North MH,41 + elev + climate,ExtraTrees_tuned,N,5373,0.29659790917945106,52.75489059404028,37.83140382077485,,,
North MH,41 + elev + climate,ExtraTrees_tuned,P,5373,0.2514403822378549,19.024953354605334,8.983712550088597,,,
North MH,41 + elev + climate,ExtraTrees_tuned,K,5373,0.26052530024944565,122.97020044546986,82.00921061695657,,,
North MH,41 + elev + climate,ExtraTrees_tuned,OC,5373,0.28349950532035595,0.2970682843752772,0.18051992736520062,,,
Western MH,41 inputs,ExtraTrees_tuned,N,2729,0.20389762715811977,108.35071000887135,78.29344343227476,,,
Western MH,41 inputs,ExtraTrees_tuned,P,2729,0.18496514410764153,37.47898119924184,19.639529846693463,,,
Western MH,41 inputs,ExtraTrees_tuned,K,2729,-0.02994418265804999,232.87246175266756,165.8702624304019,,,
Western MH,41 inputs,ExtraTrees_tuned,OC,2729,0.16046748592099902,0.26448516192487137,0.1977398770051875,,,
Western MH,41 + elev + climate,ExtraTrees_tuned,N,2729,0.4636017987328993,88.9387371936257,54.82485438887451,,,
Western MH,41 + elev + climate,ExtraTrees_tuned,P,2729,0.3493703943966374,33.48625624734867,17.087755790069608,,,
Western MH,41 + elev + climate,ExtraTrees_tuned,K,2729,-0.02595630885130662,232.42119134229105,165.28798658361143,,,
Western MH,41 + elev + climate,ExtraTrees_tuned,OC,2729,0.45273691644460945,0.21354068361356868,0.14862822808362605,,,
Konkan,41 inputs,ExtraTrees_tuned,N,1772,0.12339731063869575,295.31872918305714,227.66129457131538,,,
Konkan,41 inputs,ExtraTrees_tuned,P,1772,-0.01590513233169366,29.080075989706195,15.55657573771061,,,
Konkan,41 inputs,ExtraTrees_tuned,K,1772,-0.03500081458415316,369.19427561137127,241.53947473718756,,,
Konkan,41 inputs,ExtraTrees_tuned,OC,1772,0.06215968055200094,0.6620804055247179,0.5147268169212945,,,
Konkan,41 + elev + climate,ExtraTrees_tuned,N,1772,0.45823212537127644,232.164715438524,168.59992748073182,,,
Konkan,41 + elev + climate,ExtraTrees_tuned,P,1772,0.00982323139499175,28.709479988470402,14.99966550382752,,,
Konkan,41 + elev + climate,ExtraTrees_tuned,K,1772,0.022024356742648465,358.87948431257246,230.71596572699247,,,
Konkan,41 + elev + climate,ExtraTrees_tuned,OC,1772,0.20226486439166858,0.6106264964079148,0.4686410691237982,,,
Vidarbha,41 inputs,RandomForest_tuned,N,3561,0.14254506941138045,89.66639600431581,64.0677717962399,,,
Vidarbha,41 inputs,RandomForest_tuned,P,3561,0.02829492251575294,18.19152402904272,9.840900052048687,,,
Vidarbha,41 inputs,RandomForest_tuned,K,3561,0.24013566812356035,299.1950574359786,191.25177061580092,,,
Vidarbha,41 inputs,RandomForest_tuned,OC,3561,0.05707162011680167,0.25459131817004427,0.1782054292394082,,,
Vidarbha,41 + elev + climate,RandomForest_tuned,N,3561,0.3242420328143899,79.60120657502203,55.89200347695566,,,
Vidarbha,41 + elev + climate,RandomForest_tuned,P,3561,0.1888944383261184,16.62036427106775,8.514044263401098,,,
Vidarbha,41 + elev + climate,RandomForest_tuned,K,3561,0.4573885557193256,252.83131295826698,161.04623967249108,,,
Vidarbha,41 + elev + climate,RandomForest_tuned,OC,3561,0.24305429012107838,0.22810594386309935,0.15857308537089662,,,
Marathwada,41 inputs,RandomForest_tuned,N,3838,0.12452778737409897,65.75185871950237,46.90452355737727,,,
Marathwada,41 inputs,RandomForest_tuned,P,3838,0.21455182459230282,12.912874928505442,5.909823136606426,,,
Marathwada,41 inputs,RandomForest_tuned,K,3838,0.00892283872775379,181.8404163540043,138.82496139550778,,,
Marathwada,41 inputs,RandomForest_tuned,OC,3838,0.022102617833132943,0.13761423363760888,0.09221241219450522,,,
Marathwada,41 + elev + climate,RandomForest_tuned,N,3838,0.4361464197168402,52.767925691242546,36.68607632036468,,,
Marathwada,41 + elev + climate,RandomForest_tuned,P,3838,0.5377438106625374,9.906164702033372,4.209171826363589,,,
Marathwada,41 + elev + climate,RandomForest_tuned,K,3838,0.19946822415725463,163.42781360980257,118.6975261018914,,,
Marathwada,41 + elev + climate,RandomForest_tuned,OC,3838,0.12551589966412113,0.13013456748234983,0.084119937227996,,,
North MH,41 inputs,RandomForest_tuned,N,5373,0.03756025604020519,61.708881357717466,44.13633126483888,,,
North MH,41 inputs,RandomForest_tuned,P,5373,0.03669294921617339,21.58205389920368,10.113874909151967,,,
North MH,41 inputs,RandomForest_tuned,K,5373,0.009426405910138658,142.32513173308945,103.13991667902468,,,
North MH,41 inputs,RandomForest_tuned,OC,5373,0.10253990170864402,0.3324724127834205,0.20103910032818753,,,
North MH,41 + elev + climate,RandomForest_tuned,N,5373,0.3378826851610748,51.183310442775095,36.7169177885901,,,
North MH,41 + elev + climate,RandomForest_tuned,P,5373,0.2735695686736256,18.741632509674957,8.884111118081229,,,
North MH,41 + elev + climate,RandomForest_tuned,K,5373,0.26882188565848497,122.27841844125813,81.38466200376217,,,
North MH,41 + elev + climate,RandomForest_tuned,OC,5373,0.3363763311976177,0.2858965893496529,0.17387869399392944,,,
Western MH,41 inputs,RandomForest_tuned,N,2729,0.22296826612615228,107.04507239250185,76.81081503755475,,,
Western MH,41 inputs,RandomForest_tuned,P,2729,0.21601462505886282,36.75815174380715,19.138653620609524,,,
Western MH,41 inputs,RandomForest_tuned,K,2729,-0.026758663275179506,232.51205667617015,166.8780908889793,,,
Western MH,41 inputs,RandomForest_tuned,OC,2729,0.16705880878587287,0.2634448553732543,0.19722985154015638,,,
Western MH,41 + elev + climate,RandomForest_tuned,N,2729,0.4377091734599803,91.06003261163006,55.95698080081023,,,
Western MH,41 + elev + climate,RandomForest_tuned,P,2729,0.31559155271707773,34.34451329865228,17.620808284451144,,,
Western MH,41 + elev + climate,RandomForest_tuned,K,2729,-0.0137405331182614,231.03336068013147,164.68174664406536,,,
Western MH,41 + elev + climate,RandomForest_tuned,OC,2729,0.4474043642225962,0.21457853578089972,0.14846304565633048,,,
Konkan,41 inputs,RandomForest_tuned,N,1772,0.13965809518165584,292.56685949560557,222.99167537599683,,,
Konkan,41 inputs,RandomForest_tuned,P,1772,0.01282030833532155,28.66599799010358,15.334915366862289,,,
Konkan,41 inputs,RandomForest_tuned,K,1772,-0.023386183843919328,367.11690857759703,238.91798592525936,,,
Konkan,41 inputs,RandomForest_tuned,OC,1772,0.09267331834647319,0.651220594151298,0.5024143134201987,,,
Konkan,41 + elev + climate,RandomForest_tuned,N,1772,0.46275726641101445,231.1930990956826,164.18193852759606,,,
Konkan,41 + elev + climate,RandomForest_tuned,P,1772,0.027599731444276188,28.450604269650093,14.788796378137814,,,
Konkan,41 + elev + climate,RandomForest_tuned,K,1772,0.03401506902146634,356.67263369727806,230.7448344821719,,,
Konkan,41 + elev + climate,RandomForest_tuned,OC,1772,0.18843667834575484,0.6158961517570832,0.46490221939838194,,,
Vidarbha,41 inputs,Linear,N,3561,0.0284238102647332,95.4470466529626,67.48107133114394,,,
Vidarbha,41 inputs,Linear,P,3561,-0.0205533374702637,18.64316752218798,10.327451368290047,,,
Vidarbha,41 inputs,Linear,K,3561,0.2305895317844615,301.0685775909674,198.37467571104824,,,
Vidarbha,41 inputs,Linear,OC,3561,-0.0057866179870995,0.2629403051500334,0.1847090840997825,,,
Vidarbha,41 inputs,Ridge,N,3561,0.0186136148707691,95.92771013959056,68.03962360257155,,,
Vidarbha,41 inputs,Ridge,P,3561,-0.0144416354967062,18.58726030979257,10.283477046855868,,,
Vidarbha,41 inputs,Ridge,K,3561,0.2293629335063068,301.30846458901897,197.81727012130057,,,
Vidarbha,41 inputs,Ridge,OC,3561,-0.0046635648712198,0.2627934656509712,0.1847633730422939,,,
Vidarbha,41 inputs,Lasso,N,3561,0.0384791338043347,94.951847659034,67.52329521582327,,,
Vidarbha,41 inputs,Lasso,P,3561,-0.0203171022241737,18.641009659388374,10.353011854025729,,,
Vidarbha,41 inputs,Lasso,K,3561,0.2293595256549729,301.30913079971816,197.63815611863475,,,
Vidarbha,41 inputs,Lasso,OC,3561,-0.0158536849548356,0.2642529329520056,0.1867094224778515,,,
Vidarbha,41 inputs,ElasticNet,N,3561,0.0377602104530085,94.98733848805504,67.52854884267741,,,
Vidarbha,41 inputs,ElasticNet,P,3561,-0.0216609600035431,18.653281639641765,10.36233954818291,,,
Vidarbha,41 inputs,ElasticNet,K,3561,0.2278281751246623,301.60835003457856,197.769072338246,,,
Vidarbha,41 inputs,ElasticNet,OC,3561,-0.0158615608652052,0.2642539573260921,0.1866828682660822,,,
Vidarbha,41 + elev + climate,Linear,N,3561,0.1420433945521674,89.69262292147297,63.05108622008443,,,
Vidarbha,41 + elev + climate,Linear,P,3561,0.0422781071027783,18.060158439219293,9.855684312253766,,,
Vidarbha,41 + elev + climate,Linear,K,3561,0.3853837823011303,269.08432108005,174.1459927516454,,,
Vidarbha,41 + elev + climate,Linear,OC,3561,0.0187555821186303,0.2597124897606297,0.1797213283822645,,,
Vidarbha,41 + elev + climate,Ridge,N,3561,0.130280784509398,90.30537409787723,63.58886470712856,,,
Vidarbha,41 + elev + climate,Ridge,P,3561,0.0354972230642495,18.12398063916916,9.862845658093732,,,
Vidarbha,41 + elev + climate,Ridge,K,3561,0.3878075464753864,268.5532244535923,173.9700835042344,,,
Vidarbha,41 + elev + climate,Ridge,OC,3561,0.0753608232613886,0.2521101793248022,0.1754282720344977,,,
Vidarbha,41 + elev + climate,Lasso,N,3561,0.1342814891616935,90.09743252334174,62.95768153069158,,,
Vidarbha,41 + elev + climate,Lasso,P,3561,0.042590053896926,18.057216944720235,9.871458353042364,,,
Vidarbha,41 + elev + climate,Lasso,K,3561,0.3793785118288083,270.3957053590034,173.68536245275556,,,
Vidarbha,41 + elev + climate,Lasso,OC,3561,0.0679331438518471,0.2531207616154198,0.1762222232099679,,,
Vidarbha,41 + elev + climate,ElasticNet,N,3561,0.1257518945693907,90.54019244511366,63.28984993401192,,,
Vidarbha,41 + elev + climate,ElasticNet,P,3561,0.0428070722465256,18.055170292954845,9.862861580800224,,,
Vidarbha,41 + elev + climate,ElasticNet,K,3561,0.3798796459527449,270.2865149083341,173.53905789517975,,,
Vidarbha,41 + elev + climate,ElasticNet,OC,3561,0.0677337682023198,0.2531478323225517,0.1761655913628201,,,
Marathwada,41 inputs,Linear,N,3838,0.0787866444772364,67.44767195112726,48.60462065986116,,,
Marathwada,41 inputs,Linear,P,3838,0.1554297900494596,13.390045610118127,6.595256654713756,,,
Marathwada,41 inputs,Linear,K,3838,-0.0149539667954827,184.0178090641664,142.0313956367507,,,
Marathwada,41 inputs,Linear,OC,3838,-0.0059775671532136,0.1395760367119804,0.0954023344758898,,,
Marathwada,41 inputs,Ridge,N,3838,0.0858260437345623,67.18947899649672,48.46959785302418,,,
Marathwada,41 inputs,Ridge,P,3838,0.1464646484577425,13.46092590295538,6.571862421230797,,,
Marathwada,41 inputs,Ridge,K,3838,-0.0096969736235061,183.54062670021992,142.59530286355582,,,
Marathwada,41 inputs,Ridge,OC,3838,0.0034977240770975,0.1389171489783811,0.0946931022033603,,,
Marathwada,41 inputs,Lasso,N,3838,0.0855217501564967,67.20066047117568,48.56298925118905,,,
Marathwada,41 inputs,Lasso,P,3838,0.1470865306898254,13.456021222688795,6.576784469425187,,,
Marathwada,41 inputs,Lasso,K,3838,-0.0152999226284029,184.04916842255847,143.54407988813043,,,
Marathwada,41 inputs,Lasso,OC,3838,-0.000707350322306,0.1392099440860191,0.0949563641541935,,,
Marathwada,41 inputs,ElasticNet,N,3838,0.0866349752412399,67.15974520509582,48.54220998635328,,,
Marathwada,41 inputs,ElasticNet,P,3838,0.1469412577932239,13.457167125537865,6.572119889333137,,,
Marathwada,41 inputs,ElasticNet,K,3838,-0.014039016634058,183.93484713131429,143.66899290311517,,,
Marathwada,41 inputs,ElasticNet,OC,3838,-0.0009872164560491,0.1392294090301001,0.0949641095060626,,,
Marathwada,41 + elev + climate,Linear,N,3838,0.3966048395301704,54.58681592978712,39.03001186160903,,,
Marathwada,41 + elev + climate,Linear,P,3838,0.3058131340956767,12.139543990724071,5.710168388513847,,,
Marathwada,41 + elev + climate,Linear,K,3838,0.0762679866566494,175.55357604219716,131.3004660698692,,,
Marathwada,41 + elev + climate,Linear,OC,3838,0.0300869730853491,0.1370512845244045,0.0922611243243734,,,
Marathwada,41 + elev + climate,Ridge,N,3838,0.3882939990853732,54.9614550454236,39.24566566245059,,,
Marathwada,41 + elev + climate,Ridge,P,3838,0.3128625238738101,12.077748855788789,5.62901534977802,,,
Marathwada,41 + elev + climate,Ridge,K,3838,0.0783119484977977,175.35924288058175,131.4768952891703,,,
Marathwada,41 + elev + climate,Ridge,OC,3838,0.0402570804265519,0.1363308594501161,0.0917040240171517,,,
Marathwada,41 + elev + climate,Lasso,N,3838,0.3872443252936496,55.00859114566548,39.08491070171716,,,
Marathwada,41 + elev + climate,Lasso,P,3838,0.3070525428208216,12.128702112808078,5.629284436936854,,,
Marathwada,41 + elev + climate,Lasso,K,3838,0.0824713454195451,174.9631145740345,131.27606935007967,,,
Marathwada,41 + elev + climate,Lasso,OC,3838,0.0353335630573252,0.1366801033395151,0.0920042535729564,,,
Marathwada,41 + elev + climate,ElasticNet,N,3838,0.3870716929502771,55.01633941600644,39.0771139239747,,,
Marathwada,41 + elev + climate,ElasticNet,P,3838,0.3089314280475305,12.112247829492611,5.622671147800299,,,
Marathwada,41 + elev + climate,ElasticNet,K,3838,0.0821451676834775,174.9942111513824,131.317319727723,,,
Marathwada,41 + elev + climate,ElasticNet,OC,3838,0.0343048227120551,0.1367529631718776,0.0920923532518126,,,
North MH,41 inputs,Linear,N,5373,-0.0211577491390644,63.5634290412315,45.79730855126744,,,
North MH,41 inputs,Linear,P,5373,-0.0053534099457555,22.04802948113281,10.531058331192597,,,
North MH,41 inputs,Linear,K,5373,-0.0652291419189459,147.59095423583483,109.99060549451892,,,
North MH,41 inputs,Linear,OC,5373,0.0278308395192792,0.3460341496597144,0.2139967881546579,,,
North MH,41 inputs,Ridge,N,5373,-0.0070772300151806,63.12367681126247,45.28684385621572,,,
North MH,41 inputs,Ridge,P,5373,-0.0119807098023745,22.120580529993745,10.406791159743328,,,
North MH,41 inputs,Ridge,K,5373,-0.046104826665914,146.26008586416538,109.06840088732562,,,
North MH,41 inputs,Ridge,OC,5373,0.0230511205187615,0.3468837538859869,0.2112908216810262,,,
North MH,41 inputs,Lasso,N,5373,-0.0088206300873667,63.17829140906595,45.43624687629863,,,
North MH,41 inputs,Lasso,P,5373,-0.0144646937945667,22.14771221872812,10.41453979785048,,,
North MH,41 inputs,Lasso,K,5373,-0.0731594466149851,148.13932024863414,111.02351933569514,,,
North MH,41 inputs,Lasso,OC,5373,0.0213351072616408,0.3471882713328514,0.2107593540671425,,,
North MH,41 inputs,ElasticNet,N,5373,-0.0094552690960749,63.19816070154141,45.44295339964233,,,
North MH,41 inputs,ElasticNet,P,5373,-0.0149106722264025,22.152579966560285,10.403856593868404,,,
North MH,41 inputs,ElasticNet,K,5373,-0.0721067982971925,148.0666484452686,110.92523236164432,,,
North MH,41 inputs,ElasticNet,OC,5373,0.021127106524449,0.3472251642367686,0.210749466635586,,,
North MH,41 + elev + climate,Linear,N,5373,0.1193873497458019,59.027359918879206,41.97143424296845,,,
North MH,41 + elev + climate,Linear,P,5373,0.0347788074881951,21.603485595586204,10.468414632722414,,,
North MH,41 + elev + climate,Linear,K,5373,-0.0076982348495409,143.5500902931569,104.53238044162327,,,
North MH,41 + elev + climate,Linear,OC,5373,0.1349123599952636,0.3264210025672627,0.2081779097285973,,,
North MH,41 + elev + climate,Ridge,N,5373,0.1129118722514781,59.24398765030038,42.30381208177624,,,
North MH,41 + elev + climate,Ridge,P,5373,0.0154193613388994,21.819060622496217,10.334366788771035,,,
North MH,41 + elev + climate,Ridge,K,5373,0.0026587751621934,142.810489095418,104.3292508516231,,,
North MH,41 + elev + climate,Ridge,OC,5373,0.1321021464166966,0.3269507575496289,0.2075550575347274,,,
North MH,41 + elev + climate,Lasso,N,5373,0.1094585786850359,59.35918937351874,42.37528116192724,,,
North MH,41 + elev + climate,Lasso,P,5373,0.012080470534309,21.85602549840711,10.31163866634794,,,
North MH,41 + elev + climate,Lasso,K,5373,0.0028349232853113,142.79787710775156,104.22156950042051,,,
North MH,41 + elev + climate,Lasso,OC,5373,0.125816928297499,0.328132492120446,0.2070783371273648,,,
North MH,41 + elev + climate,ElasticNet,N,5373,0.1091349430379826,59.36997438820342,42.36394497691949,,,
North MH,41 + elev + climate,ElasticNet,P,5373,0.0121052427523921,21.855751475266544,10.313430087393977,,,
North MH,41 + elev + climate,ElasticNet,K,5373,0.0029095429474921,142.79253409637394,104.19597577102924,,,
North MH,41 + elev + climate,ElasticNet,OC,5373,0.1258702499537342,0.3281224845857979,0.2071403446153467,,,
Western MH,41 inputs,Linear,N,2729,0.0807878549559406,116.42739467866728,84.88403306559805,,,
Western MH,41 inputs,Linear,P,2729,0.1553665775317548,38.15345019172283,20.6584253718298,,,
Western MH,41 inputs,Linear,K,2729,-0.0668855331329412,237.0119278526471,170.60212656609494,,,
Western MH,41 inputs,Linear,OC,2729,0.0349832507969167,0.2835632711851361,0.2129492198523788,,,
Western MH,41 inputs,Ridge,N,2729,0.1010289397156217,115.13839147893069,84.59917676641592,,,
Western MH,41 inputs,Ridge,P,2729,0.1568084937261151,38.12086944389449,20.65076130904664,,,
Western MH,41 inputs,Ridge,K,2729,-0.0461400205744439,234.6962757127724,168.41733342095048,,,
Western MH,41 inputs,Ridge,OC,2729,0.0278733598707728,0.2846059494952395,0.2149080407053019,,,
Western MH,41 inputs,Lasso,N,2729,0.0947514291595793,115.53969753292918,85.66103776242697,,,
Western MH,41 inputs,Lasso,P,2729,0.1362766661785555,38.58220212742765,20.622657448960297,,,
Western MH,41 inputs,Lasso,K,2729,-0.0513909367242817,235.28454682959264,168.7511551243209,,,
Western MH,41 inputs,Lasso,OC,2729,0.0357490026090026,0.2834507435105562,0.2133638542616404,,,
Western MH,41 inputs,ElasticNet,N,2729,0.0916387216402414,115.73816935027598,85.60168762405483,,,
Western MH,41 inputs,ElasticNet,P,2729,0.1469870464344632,38.34224155049637,20.58502901734099,,,
Western MH,41 inputs,ElasticNet,K,2729,-0.0507931833564581,235.21765347857712,168.83639796317416,,,
Western MH,41 inputs,ElasticNet,OC,2729,0.0351032661710493,0.2835456378071244,0.2134102412797776,,,
Western MH,41 + elev + climate,Linear,N,2729,0.2802647472686138,103.02288082276216,69.29487264150757,,,
Western MH,41 + elev + climate,Linear,P,2729,0.3486265728150528,33.505392085217935,18.270600366305423,,,
Western MH,41 + elev + climate,Linear,K,2729,-0.0651711812052238,236.8214269970316,171.49177832568938,,,
Western MH,41 + elev + climate,Linear,OC,2729,0.4226147783594413,0.219338760052358,0.1554575435886869,,,
Western MH,41 + elev + climate,Ridge,N,2729,0.2805516752593557,103.00234334403982,68.76335201925062,,,
Western MH,41 + elev + climate,Ridge,P,2729,0.3402191264427227,33.720930221821526,18.29793249404317,,,
Western MH,41 + elev + climate,Ridge,K,2729,-0.0623224862549329,236.50453724333576,170.75917713233414,,,
Western MH,41 + elev + climate,Ridge,OC,2729,0.4263435166741797,0.2186293709710939,0.154712818537182,,,
Western MH,41 + elev + climate,Lasso,N,2729,0.27818378141736,103.17170801699206,68.73319357205975,,,
Western MH,41 + elev + climate,Lasso,P,2729,0.3393203349367508,33.74389070161162,18.216226051892715,,,
Western MH,41 + elev + climate,Lasso,K,2729,-0.0652275155689388,236.82768937450112,170.9944560418385,,,
Western MH,41 + elev + climate,Lasso,OC,2729,0.4253484225615058,0.2188189116994406,0.1549887417708926,,,
Western MH,41 + elev + climate,ElasticNet,N,2729,0.2493280473882984,105.2137251145059,69.92092532522969,,,
Western MH,41 + elev + climate,ElasticNet,P,2729,0.3187884946726024,34.26420603840084,18.372923729388884,,,
Western MH,41 + elev + climate,ElasticNet,K,2729,-0.0643205306845844,236.7268447787129,170.92600017642147,,,
Western MH,41 + elev + climate,ElasticNet,OC,2729,0.4232690014775804,0.2192144607514643,0.1552979483902457,,,
Konkan,41 inputs,Linear,N,1772,-0.0500956311520985,323.2243102508675,247.9847462494465,,,
Konkan,41 inputs,Linear,P,1772,-0.0158984255405654,29.07997999928773,16.024439060173435,,,
Konkan,41 inputs,Linear,K,1772,-0.1614468871728247,391.0968247587263,257.3714346875551,,,
Konkan,41 inputs,Linear,OC,1772,-0.0100965179759111,0.6871122986089809,0.5362683288499286,,,
Konkan,41 inputs,Ridge,N,1772,-0.0217396178732094,318.830388428697,250.7627926125217,,,
Konkan,41 inputs,Ridge,P,1772,-0.0421100040994768,29.45274263223108,15.883832855739234,,,
Konkan,41 inputs,Ridge,K,1772,-0.1294512197054078,385.672215100713,252.7748035852915,,,
Konkan,41 inputs,Ridge,OC,1772,0.0284233281170407,0.6738835023434984,0.5285254646852046,,,
Konkan,41 inputs,Lasso,N,1772,-0.0332983507205444,320.628748337499,251.7876438172523,,,
Konkan,41 inputs,Lasso,P,1772,-0.0753278147190652,29.91847132563751,16.045115205237238,,,
Konkan,41 inputs,Lasso,K,1772,-0.1508227556614358,389.30397061082914,253.7018893234068,,,
Konkan,41 inputs,Lasso,OC,1772,-0.0075864441970594,0.6862580360057945,0.539375388247296,,,
Konkan,41 inputs,ElasticNet,N,1772,-0.0284401970678351,319.87412653936974,251.5995762162879,,,
Konkan,41 inputs,ElasticNet,P,1772,-0.0761577567053126,29.93001469219945,16.053353894037155,,,
Konkan,41 inputs,ElasticNet,K,1772,-0.1503849867200919,389.22991863514216,253.4852843950034,,,
Konkan,41 inputs,ElasticNet,OC,1772,-0.0078881874800174,0.6863607856274719,0.5394383633975608,,,
Konkan,41 + elev + climate,Linear,N,1772,0.1887570419724741,284.09596238927344,221.03988949690591,,,
Konkan,41 + elev + climate,Linear,P,1772,0.0533182799964344,28.07184488434673,15.32592231233953,,,
Konkan,41 + elev + climate,Linear,K,1772,-0.0520116650482462,372.21587389795815,241.47992691127843,,,
Konkan,41 + elev + climate,Linear,OC,1772,-0.0210430956941676,0.690825438749862,0.5344027361542698,,,
Konkan,41 + elev + climate,Ridge,N,1772,0.1634162037872428,288.4990024220602,222.6666132083896,,,
Konkan,41 + elev + climate,Ridge,P,1772,0.0536697920617083,28.066632726915152,15.04618756330278,,,
Konkan,41 + elev + climate,Ridge,K,1772,-0.0690416270426874,375.2164939227381,243.8985340929716,,,
Konkan,41 + elev + climate,Ridge,OC,1772,0.0559190278783012,0.6642795875068813,0.5203690874941131,,,
Konkan,41 + elev + climate,Lasso,N,1772,0.1791492357254406,285.7733296583861,220.68621223750387,,,
Konkan,41 + elev + climate,Lasso,P,1772,0.0509172391829734,28.10742123528109,14.90786396979173,,,
Konkan,41 + elev + climate,Lasso,K,1772,-0.0979354484979126,380.25332160824416,246.8435165125508,,,
Konkan,41 + elev + climate,Lasso,OC,1772,0.0277188327203383,0.6741277763208885,0.5327825173531486,,,
Konkan,41 + elev + climate,ElasticNet,N,1772,0.1720800643756203,287.0012324021791,221.81436854889807,,,
Konkan,41 + elev + climate,ElasticNet,P,1772,0.0471645411086084,28.1629351531249,14.92757313179265,,,
Konkan,41 + elev + climate,ElasticNet,K,1772,-0.0812849394477561,377.35898043180913,244.49469562946496,,,
Konkan,41 + elev + climate,ElasticNet,OC,1772,0.031830969496301,0.6727006979232613,0.5313381484240045,,,
Vidarbha,41 inputs,PLSR,N,3561,0.0213832803291739,95.79225106352835,68.18622203656707,8.0,,
Vidarbha,41 inputs,PLSR,P,3561,-0.025593675435777,18.689148523105256,10.407683942383956,5.0,,
Vidarbha,41 inputs,PLSR,K,3561,0.2310769144037406,300.9732066266067,198.16334202835887,12.0,,
Vidarbha,41 inputs,PLSR,OC,3561,-0.0173051672427175,0.2644416518321022,0.1857368523058414,3.0,,
Vidarbha,41 + elev + climate,PLSR,N,3561,0.1142514408385373,91.1337603857984,64.01105322022082,12.0,,
Vidarbha,41 + elev + climate,PLSR,P,3561,0.0372512912254674,18.10749278390024,9.87208591867426,12.0,,
Vidarbha,41 + elev + climate,PLSR,K,3561,0.3913938276195973,267.76546400378413,173.87762124442784,8.0,,
Vidarbha,41 + elev + climate,PLSR,OC,3561,0.074637675463944,0.2522087460377927,0.1759422258323937,2.0,,
Marathwada,41 inputs,PLSR,N,3838,0.0744669507958363,67.60562262039547,49.11097604871958,5.0,,
Marathwada,41 inputs,PLSR,P,3838,0.155734565790735,13.38762939340589,6.547237115871354,5.0,,
Marathwada,41 inputs,PLSR,K,3838,-0.0149019886199412,184.01309701181785,142.33045137594468,5.0,,
Marathwada,41 inputs,PLSR,OC,3838,0.0003324532293004,0.1391376009502697,0.0950801785364616,3.0,,
Marathwada,41 + elev + climate,PLSR,N,3838,0.3908090624462743,54.84835012151753,39.13024368713544,20.0,,
Marathwada,41 + elev + climate,PLSR,P,3838,0.3234694191938566,11.984168129251325,5.553322045955323,12.0,,
Marathwada,41 + elev + climate,PLSR,K,3838,0.0846252078563492,174.7576343983148,130.97768466584102,12.0,,
Marathwada,41 + elev + climate,PLSR,OC,3838,0.0397843559749334,0.1363644304176774,0.0917006204042895,12.0,,
North MH,41 inputs,PLSR,N,5373,-0.0121684240456938,63.28303387422504,45.51557320096656,5.0,,
North MH,41 inputs,PLSR,P,5373,-0.015486031237901,22.158858292806404,10.490576071753216,2.0,,
North MH,41 inputs,PLSR,K,5373,-0.0737893608267741,148.18279066402113,110.3098822537248,2.0,,
North MH,41 inputs,PLSR,OC,5373,0.0222339079908032,0.347028806763496,0.2120600991753685,5.0,,
North MH,41 + elev + climate,PLSR,N,5373,0.047982194491795,61.37385949896033,44.16102597555009,16.0,,
North MH,41 + elev + climate,PLSR,P,5373,0.0126976656252384,21.84919724025684,10.491441045510234,5.0,,
North MH,41 + elev + climate,PLSR,K,5373,-0.0012416976463582,143.08947328930608,104.25275751184428,20.0,,
North MH,41 + elev + climate,PLSR,OC,5373,0.0780581644366228,0.3369766450759718,0.2136657778287347,12.0,,
Western MH,41 inputs,PLSR,N,2729,0.0822240616296136,116.33640416669977,85.57341103689727,5.0,,
Western MH,41 inputs,PLSR,P,2729,0.1499522693260585,38.27554135066087,20.828405186870462,8.0,,
Western MH,41 inputs,PLSR,K,2729,-0.0386857651850571,233.858618429457,167.58834164687576,2.0,,
Western MH,41 inputs,PLSR,OC,2729,0.028168774401854,0.2845627024952995,0.2140290395954319,12.0,,
Western MH,41 + elev + climate,PLSR,N,2729,0.1107502131015805,114.51415881677346,77.69568101488852,3.0,,
Western MH,41 + elev + climate,PLSR,P,2729,0.1959317737704314,37.22597969312742,19.993989804929047,12.0,,
Western MH,41 + elev + climate,PLSR,K,2729,-0.0558351764217657,235.78129747262244,170.591149872787,1.0,,
Western MH,41 + elev + climate,PLSR,OC,2729,0.2652763526238715,0.2474255595778521,0.1821661536438794,20.0,,
Konkan,41 inputs,PLSR,N,1772,-0.0313577903509114,320.32753240932595,250.059254612355,3.0,,
Konkan,41 inputs,PLSR,P,1772,-0.0460190591392257,29.50793096427876,16.037756970620983,1.0,,
Konkan,41 inputs,PLSR,K,1772,-0.1316228939733832,386.0428164119458,253.3109446434782,3.0,,
Konkan,41 inputs,PLSR,OC,1772,0.0216949157260324,0.6762128826401398,0.5322595277437201,2.0,,
Konkan,41 + elev + climate,PLSR,N,1772,0.1454195537341552,291.5855965077299,220.39118055914653,5.0,,
Konkan,41 + elev + climate,PLSR,P,1772,0.0498200896285243,28.123662778605983,15.165398794146435,8.0,,
Konkan,41 + elev + climate,PLSR,K,1772,-0.0705134258411188,375.4746939904536,245.22643950076787,3.0,,
Konkan,41 + elev + climate,PLSR,OC,1772,0.0408329019986973,0.6695660447774364,0.5276692807841664,1.0,,
Vidarbha,41 inputs,MLP_improved,N,3561,0.1691711398779652,88.26323689187298,64.62478655556441,,,1.0
Vidarbha,41 inputs,MLP_improved,P,3561,0.0324415525125693,18.15266750306316,9.952147696564433,,,1.0
Vidarbha,41 inputs,MLP_improved,K,3561,0.2614792006465878,294.9631420469998,190.77574308065667,,,1.0
Vidarbha,41 inputs,MLP_improved,OC,3561,0.0517192656976385,0.2553128653947077,0.1795979856667595,,,1.0
Vidarbha,41 + elev + climate,MLP_improved,N,3561,0.3012213996777291,80.94571463174918,58.61910051597541,,,1.0
Vidarbha,41 + elev + climate,MLP_improved,P,3561,0.0678376893582983,17.817534899350875,9.484935986725953,,,1.0
Vidarbha,41 + elev + climate,MLP_improved,K,3561,0.40543671448951,264.65824559780367,170.63206237451445,,,1.0
Vidarbha,41 + elev + climate,MLP_improved,OC,3561,0.1379696151348577,0.2434251930810656,0.1708996251427647,,,1.0
Marathwada,41 inputs,MLP_improved,N,3838,0.0928464326239384,66.93099134257739,48.02750814177526,,,1.0
Marathwada,41 inputs,MLP_improved,P,3838,0.2308532359762778,12.778173645866008,5.909923331565242,,,1.0
Marathwada,41 inputs,MLP_improved,K,3838,0.0158015792751139,181.2082703092133,138.47273888098576,,,1.0
Marathwada,41 inputs,MLP_improved,OC,3838,0.0117214953255763,0.138342745055915,0.0933224342387871,,,1.0
Marathwada,41 + elev + climate,MLP_improved,N,3838,0.4693491514903753,51.19072527071982,36.9967847079688,,,1.0
Marathwada,41 + elev + climate,MLP_improved,P,3838,0.4032036496913826,11.255823029414982,4.812044339109078,,,1.0
Marathwada,41 + elev + climate,MLP_improved,K,3838,0.152980844204973,168.10603277316423,122.11147912988687,,,1.0
Marathwada,41 + elev + climate,MLP_improved,OC,3838,0.0816839142330512,0.1333560766548578,0.0875353643655282,,,1.0
North MH,41 inputs,MLP_improved,N,5373,0.0062280935692201,62.705300996635216,45.32566449807848,,,1.0
North MH,41 inputs,MLP_improved,P,5373,0.02437967122452,21.719550039672665,10.2740714132876,,,1.0
North MH,41 inputs,MLP_improved,K,5373,-0.0240823681798787,144.7123731227166,105.14758220645288,,,1.0
North MH,41 inputs,MLP_improved,OC,5373,0.1031235253554778,0.3323642908074173,0.2027995126745871,,,1.0
North MH,41 + elev + climate,MLP_improved,N,5373,0.1483151592997512,58.04975055468277,40.984664254732245,,,1.0
North MH,41 + elev + climate,MLP_improved,P,5373,0.0497096905761609,21.43574359564695,10.397632836284442,,,1.0
North MH,41 + elev + climate,MLP_improved,K,5373,0.1609738223433686,130.98633073965613,90.43263643727624,,,1.0
North MH,41 + elev + climate,MLP_improved,OC,5373,0.1659323953320012,0.3205152275766531,0.1954501792952475,,,1.0
Western MH,41 inputs,MLP_improved,N,2729,0.20263057561135,108.43689952282224,77.80812112355896,,,1.0
Western MH,41 inputs,MLP_improved,P,2729,0.1326554853372504,38.662995938477145,20.54232113763393,,,1.0
Western MH,41 inputs,MLP_improved,K,2729,-0.0404096263897419,234.0526004226152,169.71227697498884,,,1.0
Western MH,41 inputs,MLP_improved,OC,2729,0.1391742668269986,0.2678182529538473,0.1992834785956703,,,1.0
Western MH,41 + elev + climate,MLP_improved,N,2729,0.3860231249589935,95.15318054860371,62.53693914799233,,,1.0
Western MH,41 + elev + climate,MLP_improved,P,2729,0.3137001207311071,34.39193782421543,18.30011703611608,,,1.0
Western MH,41 + elev + climate,MLP_improved,K,2729,-0.0454372364266404,234.6174294161517,168.8227497307227,,,1.0
Western MH,41 + elev + climate,MLP_improved,OC,2729,0.394313506094668,0.2246500382588087,0.1594517715918552,,,1.0
Konkan,41 inputs,MLP_improved,N,1772,0.1208717616480189,295.74383938134963,225.3925253024696,,,1.0
Konkan,41 inputs,MLP_improved,P,1772,0.0387154589715756,28.28752423095484,15.313235933713194,,,1.0
Konkan,41 inputs,MLP_improved,K,1772,-0.0028884858661142,363.4217668320017,240.72120719043303,,,1.0
Konkan,41 inputs,MLP_improved,OC,1772,0.0394919996679189,0.6700339033524165,0.5172603020396581,,,1.0
Konkan,41 + elev + climate,MLP_improved,N,1772,0.3708430167286295,250.18951327558372,185.37900845756383,,,1.0
Konkan,41 + elev + climate,MLP_improved,P,1772,0.0575835669504902,28.0085344589842,14.961015577471567,,,1.0
Konkan,41 + elev + climate,MLP_improved,K,1772,0.0282198824554693,357.74091828617406,238.5373451382329,,,1.0
Konkan,41 + elev + climate,MLP_improved,OC,1772,0.1021912187681017,0.6477959215904278,0.4959087207239115,,,1.0
