region,features,model,target,n,n_classes,share_low,share_medium,share_high,accuracy,balanced_accuracy,macro_F1,recall_low,recall_medium,recall_high,n_low,n_medium,n_high,k50,ba50,skill50
Vidarbha,41 inputs,Majority,N,3561,3,0.8444257231114856,0.1508003369839932,0.0047739399045212,0.8444257231114856,0.3333333333333333,0.3052172147787251,1.0,0.0,0.0,3007,537,17,2,0.5,0.0
Vidarbha,41 inputs,Majority,P,3561,3,0.1774782364504352,0.5321538893569222,0.2903678741926425,0.5321538893569222,0.3333333333333333,0.2315493646138807,0.0,1.0,0.0,632,1895,1034,3,0.3333333333333333,0.0
Vidarbha,41 inputs,Majority,K,3561,3,0.0073013198539736,0.3052513338949733,0.6874473462510531,0.6874473462510531,0.3333333333333333,0.2715926110833749,0.0,0.0,1.0,26,1087,2448,2,0.5,0.0
Vidarbha,41 inputs,Majority,OC,3561,3,0.6076944678461107,0.2580735748385285,0.1342319573153608,0.6076944678461107,0.3333333333333333,0.2519941775836972,1.0,0.0,0.0,2164,919,478,3,0.3333333333333333,0.0
Vidarbha,41 + elev + climate,Majority,N,3561,3,0.8444257231114856,0.1508003369839932,0.0047739399045212,0.8444257231114856,0.3333333333333333,0.3052172147787251,1.0,0.0,0.0,3007,537,17,2,0.5,0.0
Vidarbha,41 + elev + climate,Majority,P,3561,3,0.1774782364504352,0.5321538893569222,0.2903678741926425,0.5321538893569222,0.3333333333333333,0.2315493646138807,0.0,1.0,0.0,632,1895,1034,3,0.3333333333333333,0.0
Vidarbha,41 + elev + climate,Majority,K,3561,3,0.0073013198539736,0.3052513338949733,0.6874473462510531,0.6874473462510531,0.3333333333333333,0.2715926110833749,0.0,0.0,1.0,26,1087,2448,2,0.5,0.0
Vidarbha,41 + elev + climate,Majority,OC,3561,3,0.6076944678461107,0.2580735748385285,0.1342319573153608,0.6076944678461107,0.3333333333333333,0.2519941775836972,1.0,0.0,0.0,2164,919,478,3,0.3333333333333333,0.0
Marathwada,41 inputs,Majority,N,3838,2,0.8843147472642001,0.1156852527357999,0.0,0.8843147472642001,0.5,0.4693030973451327,1.0,0.0,,3394,444,0,2,0.5,0.0
Marathwada,41 inputs,Majority,P,3838,3,0.2975508077123502,0.5812923397602918,0.121156852527358,0.5812923397602918,0.3333333333333333,0.245070577250508,0.0,1.0,0.0,1142,2231,465,3,0.3333333333333333,0.0
Marathwada,41 inputs,Majority,K,3838,3,0.0023449713392391,0.1112558624283481,0.8863991662324127,0.8863991662324127,0.3333333333333333,0.3132596685082873,0.0,0.0,1.0,9,427,3402,2,0.5,0.0
Marathwada,41 inputs,Majority,OC,3838,3,0.825951016154247,0.1654507556018759,0.008598228243877,0.825951016154247,0.3333333333333333,0.3015601217656012,1.0,0.0,0.0,3170,635,33,2,0.5,0.0
Marathwada,41 + elev + climate,Majority,N,3838,2,0.8843147472642001,0.1156852527357999,0.0,0.8843147472642001,0.5,0.4693030973451327,1.0,0.0,,3394,444,0,2,0.5,0.0
Marathwada,41 + elev + climate,Majority,P,3838,3,0.2975508077123502,0.5812923397602918,0.121156852527358,0.5812923397602918,0.3333333333333333,0.245070577250508,0.0,1.0,0.0,1142,2231,465,3,0.3333333333333333,0.0
Marathwada,41 + elev + climate,Majority,K,3838,3,0.0023449713392391,0.1112558624283481,0.8863991662324127,0.8863991662324127,0.3333333333333333,0.3132596685082873,0.0,0.0,1.0,9,427,3402,2,0.5,0.0
Marathwada,41 + elev + climate,Majority,OC,3838,3,0.825951016154247,0.1654507556018759,0.008598228243877,0.825951016154247,0.3333333333333333,0.3015601217656012,1.0,0.0,0.0,3170,635,33,2,0.5,0.0
North MH,41 inputs,Majority,N,5373,3,0.8632049134561698,0.136608970779825,0.0001861157640052,0.8632049134561698,0.3333333333333333,0.308860253720907,1.0,0.0,0.0,4638,734,1,2,0.5,0.0
North MH,41 inputs,Majority,P,5373,3,0.0364786897450214,0.7930392704262051,0.1704820398287735,0.7930392704262051,0.3333333333333333,0.2948584873019168,0.0,1.0,0.0,196,4261,916,3,0.3333333333333333,0.0
North MH,41 inputs,Majority,K,5373,3,0.034431416340964,0.368323096966313,0.5972454866927229,0.5972454866927229,0.3333333333333333,0.2492814417773634,0.0,0.0,1.0,185,1979,3209,3,0.3333333333333333,0.0
North MH,41 inputs,Majority,OC,5373,3,0.5107016564302996,0.3245858924250884,0.1647124511446119,0.5107016564302996,0.3333333333333333,0.2253706213297195,1.0,0.0,0.0,2744,1744,885,3,0.3333333333333333,0.0
North MH,41 + elev + climate,Majority,N,5373,3,0.8632049134561698,0.136608970779825,0.0001861157640052,0.8632049134561698,0.3333333333333333,0.308860253720907,1.0,0.0,0.0,4638,734,1,2,0.5,0.0
North MH,41 + elev + climate,Majority,P,5373,3,0.0364786897450214,0.7930392704262051,0.1704820398287735,0.7930392704262051,0.3333333333333333,0.2948584873019168,0.0,1.0,0.0,196,4261,916,3,0.3333333333333333,0.0
North MH,41 + elev + climate,Majority,K,5373,3,0.034431416340964,0.368323096966313,0.5972454866927229,0.5972454866927229,0.3333333333333333,0.2492814417773634,0.0,0.0,1.0,185,1979,3209,3,0.3333333333333333,0.0
North MH,41 + elev + climate,Majority,OC,5373,3,0.5107016564302996,0.3245858924250884,0.1647124511446119,0.5107016564302996,0.3333333333333333,0.2253706213297195,1.0,0.0,0.0,2744,1744,885,3,0.3333333333333333,0.0
Western MH,41 inputs,Majority,N,2729,3,0.8241113961157933,0.1623305240014657,0.0135580798827409,0.8241113961157933,0.3333333333333333,0.3011919110753984,1.0,0.0,0.0,2249,443,37,2,0.5,0.0
Western MH,41 inputs,Majority,P,2729,3,0.1275192378160498,0.4547453279589593,0.4177354342249908,0.4082081348479296,0.3023384744428893,0.2409210982417136,0.0,0.7921031426269137,0.1149122807017543,348,1241,1140,3,0.30233847444288936,-0.046492288335665925
Western MH,41 inputs,Majority,K,2729,3,0.041773543422499,0.2755588127519238,0.6826676438255771,0.6826676438255771,0.3333333333333333,0.2704703832752613,0.0,0.0,1.0,114,752,1863,3,0.3333333333333333,0.0
Western MH,41 inputs,Majority,OC,2729,3,0.6537193111029681,0.1795529497984609,0.1667277390985709,0.6537193111029681,0.3333333333333333,0.263534973040845,1.0,0.0,0.0,1784,490,455,3,0.3333333333333333,0.0
Western MH,41 + elev + climate,Majority,N,2729,3,0.8241113961157933,0.1623305240014657,0.0135580798827409,0.8241113961157933,0.3333333333333333,0.3011919110753984,1.0,0.0,0.0,2249,443,37,2,0.5,0.0
Western MH,41 + elev + climate,Majority,P,2729,3,0.1275192378160498,0.4547453279589593,0.4177354342249908,0.4082081348479296,0.3023384744428893,0.2409210982417136,0.0,0.7921031426269137,0.1149122807017543,348,1241,1140,3,0.30233847444288936,-0.046492288335665925
Western MH,41 + elev + climate,Majority,K,2729,3,0.041773543422499,0.2755588127519238,0.6826676438255771,0.6826676438255771,0.3333333333333333,0.2704703832752613,0.0,0.0,1.0,114,752,1863,3,0.3333333333333333,0.0
Western MH,41 + elev + climate,Majority,OC,2729,3,0.6537193111029681,0.1795529497984609,0.1667277390985709,0.6537193111029681,0.3333333333333333,0.263534973040845,1.0,0.0,0.0,1784,490,455,3,0.3333333333333333,0.0
Konkan,41 inputs,Majority,N,1772,3,0.3572234762979684,0.2595936794582393,0.3831828442437923,0.314334085778781,0.2792920233189935,0.230196742292907,0.259083728278041,0.0,0.5787923416789397,633,460,679,3,0.27929202331899355,-0.08106196502150963
Konkan,41 inputs,Majority,P,1772,3,0.2985327313769751,0.4164785553047404,0.2849887133182844,0.4164785553047404,0.3333333333333333,0.19601593625498,0.0,1.0,0.0,529,738,505,3,0.3333333333333333,0.0
Konkan,41 inputs,Majority,K,1772,3,0.0857787810383747,0.1992099322799097,0.7150112866817155,0.7150112866817155,0.3333333333333333,0.2779423055829769,0.0,0.0,1.0,152,353,1267,3,0.3333333333333333,0.0
Konkan,41 inputs,Majority,OC,1772,3,0.0423250564334085,0.1642212189616252,0.7934537246049661,0.7934537246049661,0.3333333333333333,0.2949444094818544,0.0,0.0,1.0,75,291,1406,3,0.3333333333333333,0.0
Konkan,41 + elev + climate,Majority,N,1772,3,0.3572234762979684,0.2595936794582393,0.3831828442437923,0.314334085778781,0.2792920233189935,0.230196742292907,0.259083728278041,0.0,0.5787923416789397,633,460,679,3,0.27929202331899355,-0.08106196502150963
Konkan,41 + elev + climate,Majority,P,1772,3,0.2985327313769751,0.4164785553047404,0.2849887133182844,0.4164785553047404,0.3333333333333333,0.19601593625498,0.0,1.0,0.0,529,738,505,3,0.3333333333333333,0.0
Konkan,41 + elev + climate,Majority,K,1772,3,0.0857787810383747,0.1992099322799097,0.7150112866817155,0.7150112866817155,0.3333333333333333,0.2779423055829769,0.0,0.0,1.0,152,353,1267,3,0.3333333333333333,0.0
Konkan,41 + elev + climate,Majority,OC,1772,3,0.0423250564334085,0.1642212189616252,0.7934537246049661,0.7934537246049661,0.3333333333333333,0.2949444094818544,0.0,0.0,1.0,75,291,1406,3,0.3333333333333333,0.0
Vidarbha,41 inputs,LogisticRegression,N,3561,3,0.8444257231114856,0.1508003369839932,0.0047739399045212,0.6731255265374895,0.5514655625961254,0.4165149799158726,0.6850681742600598,0.6163873370577281,0.3529411764705882,3007,537,17,2,0.650727755658894,0.3014555113177879
Vidarbha,41 inputs,LogisticRegression,P,3561,3,0.1774782364504352,0.5321538893569222,0.2903678741926425,0.5085650098286998,0.5150907670535635,0.487587425052171,0.4778481012658228,0.4707124010554089,0.5967117988394585,632,1895,1034,3,0.5150907670535634,0.27263615058034507
Vidarbha,41 inputs,LogisticRegression,K,3561,3,0.0073013198539736,0.3052513338949733,0.6874473462510531,0.5933726481325471,0.5048863794568378,0.4448233035288416,0.2692307692307692,0.6927322907083716,0.5526960784313726,26,1087,2448,2,0.622714184569872,0.24542836913974408
Vidarbha,41 inputs,LogisticRegression,OC,3561,3,0.6076944678461107,0.2580735748385285,0.1342319573153608,0.4566133108677337,0.4269770589599575,0.4021415677698738,0.499075785582255,0.3906420021762786,0.3912133891213389,2164,919,478,3,0.4269770589599575,0.14046558843993628
Vidarbha,41 + elev + climate,LogisticRegression,N,3561,3,0.8444257231114856,0.1508003369839932,0.0047739399045212,0.7124403257511935,0.5125729743753785,0.4309410702382444,0.729963418689724,0.6312849162011173,0.1764705882352941,3007,537,17,2,0.6806241674454206,0.3612483348908413
Vidarbha,41 + elev + climate,LogisticRegression,P,3561,3,0.1774782364504352,0.5321538893569222,0.2903678741926425,0.5593934288121314,0.5800603905281935,0.5431320916633644,0.5617088607594937,0.4860158311345646,0.6924564796905223,632,1895,1034,3,0.5800603905281935,0.3700905857922902
Vidarbha,41 + elev + climate,LogisticRegression,K,3561,3,0.0073013198539736,0.3052513338949733,0.6874473462510531,0.6500982869980343,0.5377792940905123,0.482132873516357,0.2307692307692307,0.7902483900643974,0.5923202614379085,26,1087,2448,2,0.691284325751153,0.3825686515023059
Vidarbha,41 + elev + climate,LogisticRegression,OC,3561,3,0.6076944678461107,0.2580735748385285,0.1342319573153608,0.5411401291771974,0.5081232806428317,0.4808323695695911,0.5767097966728281,0.5125136017410229,0.4351464435146444,2164,919,478,3,0.5081232806428317,0.2621849209642476
Marathwada,41 inputs,LogisticRegression,N,3838,2,0.8843147472642001,0.1156852527357999,0.0,0.6977592496091715,0.6509672607197652,0.5587862201066188,0.7118444313494402,0.5900900900900901,,3394,444,0,2,0.6509672607197652,0.30193452143953037
Marathwada,41 inputs,LogisticRegression,P,3838,3,0.2975508077123502,0.5812923397602918,0.121156852527358,0.5260552371026577,0.5975744695521218,0.5177681091178081,0.6015761821366025,0.4406095921111609,0.7505376344086021,1142,2231,465,3,0.5975744695521218,0.3963617043281827
Marathwada,41 inputs,LogisticRegression,K,3838,3,0.0023449713392391,0.1112558624283481,0.8863991662324127,0.5732152162584679,0.3972221419094521,0.3185009203381863,0.1111111111111111,0.4964871194379391,0.5840681951793063,9,427,3402,2,0.5402776573086228,0.08055531461724552
Marathwada,41 inputs,LogisticRegression,OC,3838,3,0.825951016154247,0.1654507556018759,0.008598228243877,0.4517978113600834,0.3932984430860682,0.2855422501588821,0.4820189274447949,0.3039370078740157,0.3939393939393939,3170,635,33,2,0.3929779676594053,-0.21404406468118942
Marathwada,41 + elev + climate,LogisticRegression,N,3838,2,0.8843147472642001,0.1156852527357999,0.0,0.8780614903595623,0.8576442529742471,0.769803224987889,0.8842074248674131,0.831081081081081,,3394,444,0,2,0.8576442529742471,0.7152885059484941
Marathwada,41 + elev + climate,LogisticRegression,P,3838,3,0.2975508077123502,0.5812923397602918,0.121156852527358,0.6560708702449193,0.6947219457100725,0.639900369546312,0.6532399299474606,0.6266248319139399,0.8043010752688172,1142,2231,465,3,0.6947219457100725,0.5420829185651087
Marathwada,41 + elev + climate,LogisticRegression,K,3838,3,0.0023449713392391,0.1112558624283481,0.8863991662324127,0.6281917665450756,0.4882855793602605,0.3567605111508526,0.2222222222222222,0.6112412177985949,0.6313932980599647,9,427,3402,2,0.6213172579292798,0.24263451585855966
Marathwada,41 + elev + climate,LogisticRegression,OC,3838,3,0.825951016154247,0.1654507556018759,0.008598228243877,0.4994788952579468,0.4557788822425301,0.3284653613013715,0.5072555205047319,0.4661417322834645,0.3939393939393939,3170,635,33,2,0.4866986263940982,-0.026602747211803557
North MH,41 inputs,LogisticRegression,N,5373,3,0.8632049134561698,0.136608970779825,0.0001861157640052,0.6288851665736088,0.4030169366591742,0.3482927294669474,0.6382061233290212,0.5708446866485014,0.0,4638,734,1,2,0.6045254049887613,0.20905080997752257
North MH,41 inputs,LogisticRegression,P,5373,3,0.0364786897450214,0.7930392704262051,0.1704820398287735,0.4530057695886841,0.4234832613409261,0.3341845064035956,0.3520408163265306,0.4555268716263788,0.462882096069869,196,4261,916,3,0.4234832613409261,0.13522489201138918
North MH,41 inputs,LogisticRegression,K,5373,3,0.034431416340964,0.368323096966313,0.5972454866927229,0.5103294249022893,0.5527226958842909,0.4274943302906748,0.6594594594594595,0.4754926730672056,0.5232159551262076,185,1979,3209,3,0.5527226958842909,0.32908404382643636
North MH,41 inputs,LogisticRegression,OC,5373,3,0.5107016564302996,0.3245858924250884,0.1647124511446119,0.424716173459892,0.4444798593849428,0.4108296955152715,0.4252915451895043,0.3623853211009174,0.5457627118644067,2744,1744,885,3,0.4444798593849428,0.16671978907741417
North MH,41 + elev + climate,LogisticRegression,N,5373,3,0.8632049134561698,0.136608970779825,0.0001861157640052,0.7152428810720268,0.4608294470627079,0.4008653355086,0.7244501940491591,0.6580381471389646,0.0,4638,734,1,2,0.6912441705940618,0.3824883411881237
North MH,41 + elev + climate,LogisticRegression,P,5373,3,0.0364786897450214,0.7930392704262051,0.1704820398287735,0.5293132328308208,0.4678737948202486,0.3789200093407669,0.3979591836734694,0.5515137291715559,0.4541484716157205,196,4261,916,3,0.46787379482024855,0.20181069223037282
North MH,41 + elev + climate,LogisticRegression,K,5373,3,0.034431416340964,0.368323096966313,0.5972454866927229,0.6353992183137912,0.6804045664778279,0.5415456422759884,0.7945945945945946,0.5962607377463366,0.6503583670925522,185,1979,3209,3,0.6804045664778279,0.5206068497167418
North MH,41 + elev + climate,LogisticRegression,OC,5373,3,0.5107016564302996,0.3245858924250884,0.1647124511446119,0.4658477573050437,0.4809283254141784,0.4474829505625132,0.499271137026239,0.3469036697247706,0.5966101694915255,2744,1744,885,3,0.4809283254141783,0.22139248812126744
Western MH,41 inputs,LogisticRegression,N,2729,3,0.8241113961157933,0.1623305240014657,0.0135580798827409,0.630633931843166,0.434927023335014,0.386962750252144,0.6754112939084037,0.4401805869074492,0.1891891891891892,2249,443,37,2,0.5577959404079265,0.11559188081585292
Western MH,41 inputs,LogisticRegression,P,2729,3,0.1275192378160498,0.4547453279589593,0.4177354342249908,0.5448882374496152,0.5208565433980071,0.501401747190486,0.4396551724137931,0.5334407735697019,0.5894736842105263,348,1241,1140,3,0.5208565433980071,0.2812848150970107
Western MH,41 inputs,LogisticRegression,K,2729,3,0.041773543422499,0.2755588127519238,0.6826676438255771,0.4419201172590692,0.4157227883438453,0.3363083055757847,0.4649122807017544,0.2739361702127659,0.5083199141170156,114,752,1863,3,0.4157227883438453,0.12358418251576796
Western MH,41 inputs,LogisticRegression,OC,2729,3,0.6537193111029681,0.1795529497984609,0.1667277390985709,0.5397581531696592,0.4956425861134381,0.4654532836173441,0.5891255605381166,0.3857142857142857,0.512087912087912,1784,490,455,3,0.4956425861134381,0.24346387917015713
Western MH,41 + elev + climate,LogisticRegression,N,2729,3,0.8241113961157933,0.1623305240014657,0.0135580798827409,0.6661780872114328,0.4907892775949509,0.4100724759586076,0.7123165851489551,0.4627539503386004,0.2972972972972973,2249,443,37,2,0.5875352677437777,0.17507053548755547
Western MH,41 + elev + climate,LogisticRegression,P,2729,3,0.1275192378160498,0.4547453279589593,0.4177354342249908,0.5602784902894833,0.518212493128586,0.5047042758718635,0.3735632183908046,0.5205479452054794,0.6605263157894737,348,1241,1140,3,0.518212493128586,0.27731873969287896
Western MH,41 + elev + climate,LogisticRegression,K,2729,3,0.041773543422499,0.2755588127519238,0.6826676438255771,0.4455844631733235,0.4234901678569145,0.3447182733747589,0.4561403508771929,0.3178191489361702,0.4965110037573805,114,752,1863,3,0.4234901678569145,0.13523525178537177
Western MH,41 + elev + climate,LogisticRegression,OC,2729,3,0.6537193111029681,0.1795529497984609,0.1667277390985709,0.6181751557347014,0.5754378709055198,0.5432697206187082,0.6676008968609866,0.4081632653061224,0.6505494505494506,1784,490,455,3,0.5754378709055198,0.3631568063582797
Konkan,41 inputs,LogisticRegression,N,1772,3,0.3572234762979684,0.2595936794582393,0.3831828442437923,0.5332957110609481,0.5161621159723088,0.5121923182784058,0.7093206951026856,0.3369565217391304,0.5022091310751104,633,460,679,3,0.5161621159723088,0.27424317395846315
Konkan,41 inputs,LogisticRegression,P,1772,3,0.2985327313769751,0.4164785553047404,0.2849887133182844,0.3944695259593679,0.4145802136117526,0.3935797946088152,0.389413988657845,0.2642276422764227,0.5900990099009901,529,738,505,3,0.4145802136117525,0.12187032041762878
Konkan,41 inputs,LogisticRegression,K,1772,3,0.0857787810383747,0.1992099322799097,0.7150112866817155,0.5022573363431151,0.4646072300466942,0.3960040023281538,0.5394736842105263,0.3002832861189802,0.5540647198105761,152,353,1267,3,0.4646072300466942,0.19691084507004128
Konkan,41 inputs,LogisticRegression,OC,1772,3,0.0423250564334085,0.1642212189616252,0.7934537246049661,0.4074492099322799,0.3460143811744463,0.2965626204050763,0.2,0.422680412371134,0.4153627311522048,75,291,1406,3,0.3460143811744463,0.019021571761669433
Konkan,41 + elev + climate,LogisticRegression,N,1772,3,0.3572234762979684,0.2595936794582393,0.3831828442437923,0.5993227990970654,0.574448391615475,0.5723672753128676,0.7883096366508688,0.3282608695652174,0.6067746686303387,633,460,679,3,0.574448391615475,0.3616725874232125
Konkan,41 + elev + climate,LogisticRegression,P,1772,3,0.2985327313769751,0.4164785553047404,0.2849887133182844,0.4486455981941309,0.4726694121146481,0.449786755628638,0.4725897920604915,0.2899728997289973,0.6554455445544555,529,738,505,3,0.47266941211464814,0.2090041181719722
Konkan,41 + elev + climate,LogisticRegression,K,1772,3,0.0857787810383747,0.1992099322799097,0.7150112866817155,0.5835214446952596,0.5052147706847134,0.4396876287975499,0.618421052631579,0.2152974504249291,0.6819258089976322,152,353,1267,3,0.5052147706847134,0.25782215602707015
Konkan,41 + elev + climate,LogisticRegression,OC,1772,3,0.0423250564334085,0.1642212189616252,0.7934537246049661,0.414785553047404,0.3412554605609407,0.2986546102374166,0.1866666666666666,0.40893470790378,0.4281650071123755,75,291,1406,3,0.34125546056094064,0.011883190841410983
Vidarbha,41 inputs,KNN,N,3561,3,0.8444257231114856,0.1508003369839932,0.0047739399045212,0.8497613030047739,0.3792892107532248,0.3886256923499798,0.9777186564682409,0.1601489757914339,0.0,3007,537,17,2,0.5689338161298374,0.1378676322596748
Vidarbha,41 inputs,KNN,P,3561,3,0.1774782364504352,0.5321538893569222,0.2903678741926425,0.569502948609941,0.4351192758395185,0.4261873603403883,0.0838607594936708,0.8269129287598944,0.3945841392649903,632,1895,1034,3,0.43511927583951854,0.1526789137592778
Vidarbha,41 inputs,KNN,K,3561,3,0.0073013198539736,0.3052513338949733,0.6874473462510531,0.7598989048020219,0.4612099720804196,0.4673982398799033,0.0,0.500459981600736,0.8831699346405228,26,1087,2448,2,0.6918149581206294,0.38362991624125886
Vidarbha,41 inputs,KNN,OC,3561,3,0.6076944678461107,0.2580735748385285,0.1342319573153608,0.6085369278292615,0.3666047935899253,0.3346024029241874,0.9339186691312384,0.1512513601741023,0.0146443514644351,2164,919,478,3,0.36660479358992526,0.04990719038488791
Vidarbha,41 + elev + climate,KNN,N,3561,3,0.8444257231114856,0.1508003369839932,0.0047739399045212,0.8598708228025835,0.4291690999503125,0.4473770163023235,0.9597605586963752,0.3277467411545623,0.0,3007,537,17,2,0.6437536499254688,0.2875072998509376
Vidarbha,41 + elev + climate,KNN,P,3561,3,0.1774782364504352,0.5321538893569222,0.2903678741926425,0.5973041280539174,0.4764082628137077,0.4687929720821915,0.0996835443037974,0.8005277044854882,0.5290135396518375,632,1895,1034,3,0.4764082628137077,0.21461239422056153
Vidarbha,41 + elev + climate,KNN,K,3561,3,0.0073013198539736,0.3052513338949733,0.6874473462510531,0.7916315641673687,0.4951799640432683,0.4997358821605628,0.0,0.6007359705611776,0.8848039215686274,26,1087,2448,2,0.7427699460649024,0.48553989212980486
Vidarbha,41 + elev + climate,KNN,OC,3561,3,0.6076944678461107,0.2580735748385285,0.1342319573153608,0.6194889076102218,0.406581539040477,0.4025901620328864,0.9145101663585952,0.1838955386289445,0.1213389121338912,2164,919,478,3,0.406581539040477,0.10987230856071552
Marathwada,41 inputs,KNN,N,3838,2,0.8843147472642001,0.1156852527357999,0.0,0.8806670140698281,0.498916344157947,0.4704388797840547,0.9955804360636418,0.0022522522522522,,3394,444,0,2,0.498916344157947,-0.002167311684105999
Marathwada,41 inputs,KNN,P,3838,3,0.2975508077123502,0.5812923397602918,0.121156852527358,0.60578426263679,0.3944682559592676,0.3782352309732184,0.1917688266199649,0.9314208874943972,0.0602150537634408,1142,2231,465,3,0.3944682559592676,0.09170238393890141
Marathwada,41 inputs,KNN,K,3838,3,0.0023449713392391,0.1112558624283481,0.8863991662324127,0.8858780614903595,0.3331373701744072,0.3131620152896748,0.0,0.0,0.9994121105232217,9,427,3402,2,0.4997060552616108,-0.0005878894767783471
Marathwada,41 inputs,KNN,OC,3838,3,0.825951016154247,0.1654507556018759,0.008598228243877,0.825951016154247,0.3333333333333333,0.3015601217656012,1.0,0.0,0.0,3170,635,33,2,0.5,0.0
Marathwada,41 + elev + climate,KNN,N,3838,2,0.8843147472642001,0.1156852527357999,0.0,0.8806670140698281,0.5175136833946499,0.5082576055126049,0.9899823217442546,0.045045045045045,,3394,444,0,2,0.5175136833946498,0.03502736678929952
Marathwada,41 + elev + climate,KNN,P,3838,3,0.2975508077123502,0.5812923397602918,0.121156852527358,0.6974986972381448,0.5719975918859278,0.6094846319942637,0.3353765323992995,0.9354549529359032,0.4451612903225806,1142,2231,465,3,0.5719975918859278,0.3579963878288917
Marathwada,41 + elev + climate,KNN,K,3838,3,0.0023449713392391,0.1112558624283481,0.8863991662324127,0.8858780614903595,0.3358680043561646,0.3192419077641786,0.0,0.009367681498829,0.9982363315696648,9,427,3402,2,0.5038020065342469,0.007604013068493787
Marathwada,41 + elev + climate,KNN,OC,3838,3,0.825951016154247,0.1654507556018759,0.008598228243877,0.8243877019280875,0.333961764243192,0.3043109347241627,0.9971608832807572,0.0047244094488188,0.0,3170,635,33,2,0.500942646364788,0.001885292729576049
North MH,41 inputs,KNN,N,5373,3,0.8632049134561698,0.136608970779825,0.0001861157640052,0.8635771449841801,0.3369174363812897,0.3168877772219443,0.9984907287623976,0.0122615803814713,0.0,4638,734,1,2,0.5053761545719345,0.010752309143869043
North MH,41 inputs,KNN,P,5373,3,0.0364786897450214,0.7930392704262051,0.1704820398287735,0.794714312302252,0.3406078521999913,0.3111961897136867,0.0,0.9967143862942972,0.0251091703056768,196,4261,916,3,0.34060785219999135,0.010911778299987044
North MH,41 inputs,KNN,K,5373,3,0.034431416340964,0.368323096966313,0.5972454866927229,0.6171598734412804,0.3829260943028421,0.3712579345519108,0.0,0.3011622031328954,0.847616079775631,185,1979,3209,3,0.38292609430284213,0.07438914145426322
North MH,41 inputs,KNN,OC,5373,3,0.5107016564302996,0.3245858924250884,0.1647124511446119,0.5125628140703518,0.3764870056396432,0.352571214539045,0.853134110787172,0.1961009174311926,0.0802259887005649,2744,1744,885,3,0.3764870056396432,0.06473050845946483
North MH,41 + elev + climate,KNN,N,5373,3,0.8632049134561698,0.136608970779825,0.0001861157640052,0.8697189651963522,0.357255488072116,0.3558786800942116,0.9954721862871928,0.0762942779291553,0.0,4638,734,1,2,0.535883232108174,0.07176646421634802
North MH,41 + elev + climate,KNN,P,5373,3,0.0364786897450214,0.7930392704262051,0.1704820398287735,0.7973199329983249,0.3662708591890088,0.3598545259961789,0.0,0.9798169443792536,0.1189956331877729,196,4261,916,3,0.36627085918900887,0.04940628878351332
North MH,41 + elev + climate,KNN,K,5373,3,0.034431416340964,0.368323096966313,0.5972454866927229,0.636143681369812,0.4007068835333076,0.3932365601133036,0.0054054054054054,0.3441131884790298,0.8526020567154877,185,1979,3209,3,0.40070688353330763,0.10106032529996146
North MH,41 + elev + climate,KNN,OC,5373,3,0.5107016564302996,0.3245858924250884,0.1647124511446119,0.5147962032384142,0.4161768674489662,0.4139491787038957,0.7904518950437318,0.2230504587155963,0.2350282485875706,2744,1744,885,3,0.41617686744896626,0.1242653011734494
Western MH,41 inputs,KNN,N,2729,3,0.8241113961157933,0.1623305240014657,0.0135580798827409,0.8343715646757054,0.3779668315087618,0.3832616833849879,0.9826589595375722,0.1512415349887133,0.0,2249,443,37,2,0.5669502472631427,0.13390049452628539
Western MH,41 inputs,KNN,P,2729,3,0.1275192378160498,0.4547453279589593,0.4177354342249908,0.5947233418834738,0.4641933150788926,0.4517978703473028,0.0545977011494252,0.7792103142626914,0.5587719298245614,348,1241,1140,3,0.4641933150788926,0.19628997261833891
Western MH,41 inputs,KNN,K,2729,3,0.041773543422499,0.2755588127519238,0.6826676438255771,0.6771711249541956,0.3441308059524217,0.3070055392636037,0.0,0.0678191489361702,0.964573268921095,114,752,1863,3,0.34413080595242174,0.01619620892863263
Western MH,41 inputs,KNN,OC,2729,3,0.6537193111029681,0.1795529497984609,0.1667277390985709,0.6500549651887139,0.3681052345049783,0.3398194101003183,0.9562780269058296,0.0183673469387755,0.1296703296703296,1784,490,455,3,0.36810523450497823,0.052157851757467365
Western MH,41 + elev + climate,KNN,N,2729,3,0.8241113961157933,0.1623305240014657,0.0135580798827409,0.8427995602784902,0.4085661681924681,0.4239950847208924,0.9728768341485104,0.2528216704288939,0.0,2249,443,37,2,0.6128492522887021,0.22569850457740426
Western MH,41 + elev + climate,KNN,P,2729,3,0.1275192378160498,0.4547453279589593,0.4177354342249908,0.6244045437889337,0.4870727312877765,0.4697559728069485,0.0402298850574712,0.693795326349718,0.7271929824561404,348,1241,1140,3,0.4870727312877765,0.23060909693166476
Western MH,41 + elev + climate,KNN,K,2729,3,0.041773543422499,0.2755588127519238,0.6826676438255771,0.6797361670941737,0.3472336428318543,0.3124778060660195,0.0,0.077127659574468,0.964573268921095,114,752,1863,3,0.3472336428318543,0.0208504642477815
Western MH,41 + elev + climate,KNN,OC,2729,3,0.6537193111029681,0.1795529497984609,0.1667277390985709,0.6632466104800293,0.4077564278557231,0.3940884135457914,0.9422645739910314,0.0326530612244898,0.2483516483516483,1784,490,455,3,0.40775642785572314,0.11163464178358472
Konkan,41 inputs,KNN,N,1772,3,0.3572234762979684,0.2595936794582393,0.3831828442437923,0.5208803611738149,0.4829678372999435,0.4627883624774487,0.669826224328594,0.1369565217391304,0.6421207658321061,633,460,679,3,0.4829678372999435,0.2244517559499153
Konkan,41 inputs,KNN,P,1772,3,0.2985327313769751,0.4164785553047404,0.2849887133182844,0.4136568848758465,0.4007465622766804,0.3977365283154797,0.2325141776937618,0.516260162601626,0.4534653465346535,529,738,505,3,0.40074656227668043,0.10111984341502066
Konkan,41 inputs,KNN,K,1772,3,0.0857787810383747,0.1992099322799097,0.7150112866817155,0.7308126410835214,0.3862253973170291,0.3790881243512822,0.0460526315789473,0.1331444759206798,0.97947908445146,152,353,1267,3,0.38622539731702904,0.07933809597554357
Konkan,41 inputs,KNN,OC,1772,3,0.0423250564334085,0.1642212189616252,0.7934537246049661,0.7917607223476298,0.3389808690948137,0.3097975221057377,0.0,0.0240549828178694,0.992887624466572,75,291,1406,3,0.3389808690948138,0.008471303642220705
Konkan,41 + elev + climate,KNN,N,1772,3,0.3572234762979684,0.2595936794582393,0.3831828442437923,0.5790067720090294,0.53580324879893,0.51237815431423,0.7393364928909952,0.1434782608695652,0.7245949926362297,633,460,679,3,0.53580324879893,0.30370487319839506
Konkan,41 + elev + climate,KNN,P,1772,3,0.2985327313769751,0.4164785553047404,0.2849887133182844,0.4424379232505643,0.433477906322607,0.4367914741820404,0.330812854442344,0.5121951219512195,0.4574257425742574,529,738,505,3,0.4334779063226069,0.15021685948391036
Konkan,41 + elev + climate,KNN,K,1772,3,0.0857787810383747,0.1992099322799097,0.7150112866817155,0.7375846501128668,0.4159481888716909,0.4212134890561398,0.0855263157894736,0.1954674220963173,0.9668508287292816,152,353,1267,3,0.4159481888716909,0.12392228330753634
Konkan,41 + elev + climate,KNN,OC,1772,3,0.0423250564334085,0.1642212189616252,0.7934537246049661,0.7883747178329571,0.3348332054246324,0.3025770371051136,0.0,0.0137457044673539,0.9907539118065434,75,291,1406,3,0.3348332054246324,0.0022498081369486385
Vidarbha,41 inputs,SVC,N,3561,3,0.8444257231114856,0.1508003369839932,0.0047739399045212,0.7582139848357203,0.4859177127980088,0.438904218314202,0.7761888925839707,0.6815642458100558,0.0,3007,537,17,2,0.7288765691970133,0.45775313839402654
Vidarbha,41 inputs,SVC,P,3561,3,0.1774782364504352,0.5321538893569222,0.2903678741926425,0.4987363100252738,0.5142363605225674,0.4821133436288577,0.5063291139240507,0.4464379947229551,0.5899419729206963,632,1895,1034,3,0.5142363605225674,0.2713545407838511
Vidarbha,41 inputs,SVC,K,3561,3,0.0073013198539736,0.3052513338949733,0.6874473462510531,0.7152485256950295,0.5042430835865275,0.4831949888967433,0.0384615384615384,0.781048758049678,0.693218954248366,26,1087,2448,2,0.7371338561490219,0.4742677122980439
Vidarbha,41 inputs,SVC,OC,3561,3,0.6076944678461107,0.2580735748385285,0.1342319573153608,0.4830103903397922,0.4442951834389093,0.4216865721928032,0.5369685767097967,0.4026115342763873,0.3933054393305439,2164,919,478,3,0.4442951834389093,0.16644277515836392
Vidarbha,41 + elev + climate,SVC,N,3561,3,0.8444257231114856,0.1508003369839932,0.0047739399045212,0.8014602639707947,0.5828949233473303,0.5251553743234939,0.8124376454938477,0.7597765363128491,0.1764705882352941,3007,537,17,2,0.7861070909033484,0.5722141818066968
Vidarbha,41 + elev + climate,SVC,P,3561,3,0.1774782364504352,0.5321538893569222,0.2903678741926425,0.5857905082841899,0.597473958079301,0.5652741039025356,0.5617088607594937,0.5324538258575198,0.6982591876208898,632,1895,1034,3,0.597473958079301,0.39621093711895156
Vidarbha,41 + elev + climate,SVC,K,3561,3,0.0073013198539736,0.3052513338949733,0.6874473462510531,0.7584948048301039,0.5407270654037254,0.5126875173875635,0.0384615384615384,0.8647654093836247,0.7189542483660131,26,1087,2448,2,0.7918598288748189,0.5837196577496377
Vidarbha,41 + elev + climate,SVC,OC,3561,3,0.6076944678461107,0.2580735748385285,0.1342319573153608,0.5223251895534962,0.4959398541634665,0.466036652002565,0.5646950092421442,0.4461371055495103,0.4769874476987448,2164,919,478,3,0.4959398541634665,0.2439097812451997
Marathwada,41 inputs,SVC,N,3838,2,0.8843147472642001,0.1156852527357999,0.0,0.7537780093798854,0.6366368578360329,0.5813755392361963,0.7890394814378314,0.4842342342342342,,3394,444,0,2,0.6366368578360329,0.2732737156720657
Marathwada,41 inputs,SVC,P,3838,3,0.2975508077123502,0.5812923397602918,0.121156852527358,0.5651380927566441,0.6091898576241045,0.550641820298554,0.5805604203152365,0.5244285073957866,0.7225806451612903,1142,2231,465,3,0.6091898576241045,0.41378478643615674
Marathwada,41 inputs,SVC,K,3838,3,0.0023449713392391,0.1112558624283481,0.8863991662324127,0.6839499739447629,0.4019252577236791,0.3537989982986761,0.0,0.4964871194379391,0.7092886537330981,9,427,3402,2,0.6028878865855186,0.20577577317103724
Marathwada,41 inputs,SVC,OC,3838,3,0.825951016154247,0.1654507556018759,0.008598228243877,0.5771235018238666,0.3583486069116611,0.3302778387925196,0.6116719242902208,0.4330708661417323,0.0303030303030303,3170,635,33,2,0.5223713952159765,0.04474279043195306
Marathwada,41 + elev + climate,SVC,N,3838,2,0.8843147472642001,0.1156852527357999,0.0,0.8994267847837415,0.8530846698200852,0.793631194332153,0.9133765468473776,0.7927927927927928,,3394,444,0,2,0.8530846698200851,0.7061693396401703
Marathwada,41 + elev + climate,SVC,P,3838,3,0.2975508077123502,0.5812923397602918,0.121156852527358,0.7029702970297029,0.7055529598822462,0.6818368223834487,0.6068301225919439,0.7377857463021067,0.7720430107526882,1142,2231,465,3,0.7055529598822462,0.5583294398233692
Marathwada,41 + elev + climate,SVC,K,3838,3,0.0023449713392391,0.1112558624283481,0.8863991662324127,0.6774361646690985,0.4555292129669785,0.4090093056873163,0.1111111111111111,0.5620608899297423,0.6934156378600823,9,427,3402,2,0.6277382638949123,0.25547652778982455
Marathwada,41 + elev + climate,SVC,OC,3838,3,0.825951016154247,0.1654507556018759,0.008598228243877,0.6232412714955706,0.4093627097874595,0.36524207042553,0.63596214511041,0.5921259842519685,0.0,3170,635,33,2,0.6140440646811893,0.22808812936237866
North MH,41 inputs,SVC,N,5373,3,0.8632049134561698,0.136608970779825,0.0001861157640052,0.697003536199516,0.4167067141518217,0.3755790822793039,0.7242345838723587,0.5258855585831063,0.0,4638,734,1,2,0.6250600712277325,0.2501201424554651
North MH,41 inputs,SVC,P,5373,3,0.0364786897450214,0.7930392704262051,0.1704820398287735,0.5576028289596129,0.4203052306702204,0.3730683665845609,0.2091836734693877,0.595400140812016,0.4563318777292576,196,4261,916,3,0.4203052306702204,0.1304578460053306
North MH,41 inputs,SVC,K,5373,3,0.034431416340964,0.368323096966313,0.5972454866927229,0.5598362181276754,0.5288603166127076,0.456644595128898,0.4864864864864865,0.4977261243052046,0.6023683390464319,185,1979,3209,3,0.5288603166127076,0.2932904749190614
North MH,41 inputs,SVC,OC,5373,3,0.5107016564302996,0.3245858924250884,0.1647124511446119,0.4654755257770333,0.4527256023511803,0.4309181957052208,0.5681486880466472,0.2826834862385321,0.5073446327683616,2744,1744,885,3,0.4527256023511803,0.17908840352677047
North MH,41 + elev + climate,SVC,N,5373,3,0.8632049134561698,0.136608970779825,0.0001861157640052,0.7666108319374652,0.4550539926265628,0.4180790240786585,0.7984044846916775,0.5667574931880109,0.0,4638,734,1,2,0.6825809889398442,0.3651619778796884
North MH,41 + elev + climate,SVC,P,5373,3,0.0364786897450214,0.7930392704262051,0.1704820398287735,0.6469383956821143,0.4699558400974559,0.4296677522145287,0.2193877551020408,0.7003050927012439,0.490174672489083,196,4261,916,3,0.4699558400974559,0.20493376014618384
North MH,41 + elev + climate,SVC,K,5373,3,0.034431416340964,0.368323096966313,0.5972454866927229,0.6376326074818537,0.6306228180887485,0.5344449805410422,0.6432432432432432,0.5689742294087923,0.67965098161421,185,1979,3209,3,0.6306228180887485,0.4459342271331228
North MH,41 + elev + climate,SVC,OC,5373,3,0.5107016564302996,0.3245858924250884,0.1647124511446119,0.4904150381537316,0.4955681670673468,0.4669774997592341,0.5634110787172012,0.3165137614678899,0.6067796610169491,2744,1744,885,3,0.4955681670673468,0.2433522506010202
Western MH,41 inputs,SVC,N,2729,3,0.8241113961157933,0.1623305240014657,0.0135580798827409,0.7460608281421767,0.456848547089808,0.4328646685418038,0.7972432192085371,0.54627539503386,0.027027027027027,2249,443,37,2,0.6717593071211986,0.34351861424239716
Western MH,41 inputs,SVC,P,2729,3,0.1275192378160498,0.4547453279589593,0.4177354342249908,0.5434224990839135,0.5153134591645042,0.4976794436987981,0.4224137931034483,0.5463336019339242,0.5771929824561404,348,1241,1140,3,0.5153134591645042,0.2729701887467563
Western MH,41 inputs,SVC,K,2729,3,0.041773543422499,0.2755588127519238,0.6826676438255771,0.506412605349945,0.4103888877869002,0.3699738739984803,0.2982456140350877,0.351063829787234,0.581857219538379,114,752,1863,3,0.4103888877869002,0.1155833316803503
Western MH,41 inputs,SVC,OC,2729,3,0.6537193111029681,0.1795529497984609,0.1667277390985709,0.561744228655185,0.5064571879113839,0.4845089236738038,0.6221973094170403,0.4224489795918367,0.4747252747252747,1784,490,455,3,0.5064571879113839,0.2596857818670759
Western MH,41 + elev + climate,SVC,N,2729,3,0.8241113961157933,0.1623305240014657,0.0135580798827409,0.7449615243679003,0.4831889664024739,0.4514901867991114,0.7883503779457537,0.5801354401805869,0.081081081081081,2249,443,37,2,0.6842429090631703,0.3684858181263406
Western MH,41 + elev + climate,SVC,P,2729,3,0.1275192378160498,0.4547453279589593,0.4177354342249908,0.6079149871747893,0.5649209984402317,0.549097752112072,0.4166666666666667,0.5640612409347301,0.7140350877192982,348,1241,1140,3,0.5649209984402317,0.34738149766034754
Western MH,41 + elev + climate,SVC,K,2729,3,0.041773543422499,0.2755588127519238,0.6826676438255771,0.5108098204470503,0.3852481062325072,0.3628619792774432,0.2017543859649122,0.3656914893617021,0.5882984433709071,114,752,1863,3,0.3852481062325071,0.07787215934876067
Western MH,41 + elev + climate,SVC,OC,2729,3,0.6537193111029681,0.1795529497984609,0.1667277390985709,0.628068889703188,0.5801164135885468,0.5534435034665711,0.6827354260089686,0.4224489795918367,0.6351648351648351,1784,490,455,3,0.5801164135885468,0.37017462038282023
Konkan,41 inputs,SVC,N,1772,3,0.3572234762979684,0.2595936794582393,0.3831828442437923,0.5536117381489842,0.5336494593815498,0.5287166174177623,0.7424960505529226,0.3282608695652174,0.5301914580265096,633,460,679,3,0.5336494593815498,0.30047418907232476
Konkan,41 inputs,SVC,P,1772,3,0.2985327313769751,0.4164785553047404,0.2849887133182844,0.3984198645598194,0.4221768665870229,0.3977139894895116,0.3988657844990548,0.2439024390243902,0.6237623762376238,529,738,505,3,0.4221768665870229,0.13326529988053437
Konkan,41 inputs,SVC,K,1772,3,0.0857787810383747,0.1992099322799097,0.7150112866817155,0.5857787810383747,0.5017271494043515,0.4484917236833994,0.5657894736842105,0.2606232294617563,0.6787687450670876,152,353,1267,3,0.5017271494043515,0.2525907241065272
Konkan,41 inputs,SVC,OC,1772,3,0.0423250564334085,0.1642212189616252,0.7934537246049661,0.4932279909706546,0.3470530324138572,0.3213503904530732,0.1466666666666666,0.3539518900343643,0.5405405405405406,75,291,1406,3,0.34705303241385715,0.020579548620785756
Konkan,41 + elev + climate,SVC,N,1772,3,0.3572234762979684,0.2595936794582393,0.3831828442437923,0.6230248306997742,0.5991362115581166,0.592537106022008,0.8546603475513428,0.3521739130434783,0.5905743740795287,633,460,679,3,0.5991362115581166,0.3987043173371749
Konkan,41 + elev + climate,SVC,P,1772,3,0.2985327313769751,0.4164785553047404,0.2849887133182844,0.4943566591422121,0.519760670489721,0.4954974675784574,0.5066162570888468,0.3279132791327913,0.7247524752475247,529,738,505,3,0.519760670489721,0.27964100573458145
Konkan,41 + elev + climate,SVC,K,1772,3,0.0857787810383747,0.1992099322799097,0.7150112866817155,0.6839729119638827,0.540690572235293,0.4831544526478898,0.6447368421052632,0.1359773371104816,0.8413575374901342,152,353,1267,3,0.540690572235293,0.31103585835293956
Konkan,41 + elev + climate,SVC,OC,1772,3,0.0423250564334085,0.1642212189616252,0.7934537246049661,0.5434537246049661,0.3700653230550138,0.3464287171649623,0.1066666666666666,0.40893470790378,0.5945945945945946,75,291,1406,3,0.3700653230550137,0.0550979845825206
Vidarbha,41 inputs,RandomForest,N,3561,3,0.8444257231114856,0.1508003369839932,0.0047739399045212,0.8542544229149115,0.4157346906463028,0.432648769943548,0.9604256734286664,0.286778398510242,0.0,3007,537,17,2,0.6236020359694542,0.24720407193890837
Vidarbha,41 inputs,RandomForest,P,3561,3,0.1774782364504352,0.5321538893569222,0.2903678741926425,0.5680988486380231,0.5003561722106776,0.5008370050334942,0.2594936708860759,0.6680738786279683,0.5735009671179884,632,1895,1034,3,0.5003561722106775,0.2505342583160163
Vidarbha,41 inputs,RandomForest,K,3561,3,0.0073013198539736,0.3052513338949733,0.6874473462510531,0.7705700645885987,0.4963902968935709,0.4923485882937151,0.0,0.6623735050597976,0.826797385620915,26,1087,2448,2,0.7445854453403563,0.4891708906807126
Vidarbha,41 inputs,RandomForest,OC,3561,3,0.6076944678461107,0.2580735748385285,0.1342319573153608,0.6034821679303567,0.412980409248618,0.4109938449832899,0.8419593345656192,0.3112078346028291,0.0857740585774058,2164,919,478,3,0.41298040924861806,0.11947061387292711
Vidarbha,41 + elev + climate,RandomForest,N,3561,3,0.8444257231114856,0.1508003369839932,0.0047739399045212,0.8873911822521764,0.4828625613275211,0.5035180832475873,0.9644163618224144,0.4841713221601489,0.0,3007,537,17,2,0.7242938419912817,0.4485876839825633
Vidarbha,41 + elev + climate,RandomForest,P,3561,3,0.1774782364504352,0.5321538893569222,0.2903678741926425,0.6391463072170739,0.588214378563679,0.5836541672922658,0.3465189873417721,0.6860158311345647,0.7321083172147002,632,1895,1034,3,0.588214378563679,0.38232156784551846
Vidarbha,41 + elev + climate,RandomForest,K,3561,3,0.0073013198539736,0.3052513338949733,0.6874473462510531,0.8275765234484695,0.5419332355246095,0.5368096025249872,0.0,0.7589696412143514,0.8668300653594772,26,1087,2448,2,0.8128998532869143,0.6257997065738286
Vidarbha,41 + elev + climate,RandomForest,OC,3561,3,0.6076944678461107,0.2580735748385285,0.1342319573153608,0.6307217073855659,0.5155139109359891,0.5202094972161047,0.805452865064695,0.3373231773667029,0.403765690376569,2164,919,478,3,0.515513910935989,0.27327086640398346
Marathwada,41 inputs,RandomForest,N,3838,2,0.8843147472642001,0.1156852527357999,0.0,0.8754559666492965,0.5507831785822357,0.5625457826544783,0.9731879787860932,0.1283783783783783,,3394,444,0,2,0.5507831785822357,0.10156635716447138
Marathwada,41 inputs,RandomForest,P,3838,3,0.2975508077123502,0.5812923397602918,0.121156852527358,0.6461698801459094,0.5816262726244666,0.5896632771299942,0.4080560420315236,0.7884356790676826,0.5483870967741935,1142,2231,465,3,0.5816262726244666,0.37243940893669997
Marathwada,41 inputs,RandomForest,K,3838,3,0.0023449713392391,0.1112558624283481,0.8863991662324127,0.8853569567483064,0.3329414070154811,0.3130643080891837,0.0,0.0,0.9988242210464432,9,427,3402,2,0.4994121105232216,-0.0011757789535568053
Marathwada,41 inputs,RandomForest,OC,3838,3,0.825951016154247,0.1654507556018759,0.008598228243877,0.8233454924439813,0.3364796277436929,0.3109989737480063,0.9936908517350158,0.0157480314960629,0.0,3170,635,33,2,0.5047194416155394,0.009438883231078776
Marathwada,41 + elev + climate,RandomForest,N,3838,2,0.8843147472642001,0.1156852527357999,0.0,0.9134966128191766,0.760222730096036,0.7757522640958223,0.9596346493812612,0.5608108108108109,,3394,444,0,2,0.760222730096036,0.520445460192072
Marathwada,41 + elev + climate,RandomForest,P,3838,3,0.2975508077123502,0.5812923397602918,0.121156852527358,0.7569046378322043,0.725080268007187,0.7280276844998851,0.5332749562171629,0.8677722994173016,0.7741935483870968,1142,2231,465,3,0.725080268007187,0.5876204020107804
Marathwada,41 + elev + climate,RandomForest,K,3838,3,0.0023449713392391,0.1112558624283481,0.8863991662324127,0.8835330901511204,0.3356688286864364,0.3201338316875441,0.0,0.0117096018735363,0.9952968841857732,9,427,3402,2,0.5035032430296548,0.007006486059309536
Marathwada,41 + elev + climate,RandomForest,OC,3838,3,0.825951016154247,0.1654507556018759,0.008598228243877,0.8152683689421574,0.3634441988126878,0.3636396373592295,0.961198738170347,0.1291338582677165,0.0,3170,635,33,2,0.5451662982190317,0.09033259643806346
North MH,41 inputs,RandomForest,N,5373,3,0.8632049134561698,0.136608970779825,0.0001861157640052,0.8605992927600968,0.3717001949303996,0.3798113628647253,0.9747736093143596,0.1403269754768392,0.0,4638,734,1,2,0.5575502923955994,0.11510058479119878
North MH,41 inputs,RandomForest,P,5373,3,0.0364786897450214,0.7930392704262051,0.1704820398287735,0.8097896891866742,0.4012220959400568,0.4084737984445983,0.0,0.9711335367284676,0.232532751091703,196,4261,916,3,0.4012220959400568,0.10183314391008523
North MH,41 inputs,RandomForest,K,5373,3,0.034431416340964,0.368323096966313,0.5972454866927229,0.6251628512935046,0.4426884633974944,0.4536148565535924,0.1351351351351351,0.4017180394138454,0.7912122156435026,185,1979,3209,3,0.44268846339749435,0.16403269509624152
North MH,41 inputs,RandomForest,OC,5373,3,0.5107016564302996,0.3245858924250884,0.1647124511446119,0.5321049692908989,0.4499788987501169,0.449095704447372,0.7784256559766763,0.2528669724770642,0.3186440677966101,2744,1744,885,3,0.4499788987501168,0.17496834812517523
North MH,41 + elev + climate,RandomForest,N,5373,3,0.8632049134561698,0.136608970779825,0.0001861157640052,0.8970779825051182,0.4610924483955352,0.4877290443263027,0.9745579991375592,0.4087193460490463,0.0,4638,734,1,2,0.6916386725933028,0.3832773451866056
North MH,41 + elev + climate,RandomForest,P,5373,3,0.0364786897450214,0.7930392704262051,0.1704820398287735,0.8377070537874558,0.4628574704550312,0.4797572027177882,0.0051020408163265,0.9664398028631777,0.4170305676855895,196,4261,916,3,0.46285747045503123,0.19428620568254684
North MH,41 + elev + climate,RandomForest,K,5373,3,0.034431416340964,0.368323096966313,0.5972454866927229,0.7055648613437558,0.5609930673039404,0.5584874629968515,0.2864864864864865,0.6043456291056089,0.7921470863197257,185,1979,3209,3,0.5609930673039404,0.3414896009559106
North MH,41 + elev + climate,RandomForest,OC,5373,3,0.5107016564302996,0.3245858924250884,0.1647124511446119,0.5624418388237483,0.5126055698434308,0.5083066065039342,0.7612973760932945,0.2861238532110092,0.4903954802259887,2744,1744,885,3,0.5126055698434308,0.26890835476514613
Western MH,41 inputs,RandomForest,N,2729,3,0.8241113961157933,0.1623305240014657,0.0135580798827409,0.8310736533528765,0.4334306594252575,0.4432830724263082,0.9368608270342376,0.3634311512415349,0.0,2249,443,37,2,0.6501459891378862,0.3002919782757725
Western MH,41 inputs,RandomForest,P,2729,3,0.1275192378160498,0.4547453279589593,0.4177354342249908,0.6148772444118725,0.4904253395165092,0.4853898808426957,0.0919540229885057,0.7284448025785657,0.6508771929824562,348,1241,1140,3,0.49042533951650924,0.23563800927476386
Western MH,41 inputs,RandomForest,K,2729,3,0.041773543422499,0.2755588127519238,0.6826676438255771,0.6592158299743496,0.3651729285668918,0.3572593097792047,0.0175438596491228,0.1901595744680851,0.8878153515834675,114,752,1863,3,0.3651729285668918,0.04775939285033775
Western MH,41 inputs,RandomForest,OC,2729,3,0.6537193111029681,0.1795529497984609,0.1667277390985709,0.6599486991572004,0.4633867413816164,0.4658716720228011,0.875560538116592,0.1387755102040816,0.3758241758241758,1784,490,455,3,0.46338674138161645,0.19508011207242468
Western MH,41 + elev + climate,RandomForest,N,2729,3,0.8241113961157933,0.1623305240014657,0.0135580798827409,0.8252106998900697,0.4588538807148131,0.459463324186415,0.9092930191196088,0.4672686230248307,0.0,2249,443,37,2,0.6882808210722198,0.37656164214443955
Western MH,41 + elev + climate,RandomForest,P,2729,3,0.1275192378160498,0.4547453279589593,0.4177354342249908,0.6669109563942837,0.5494635787835757,0.5483134263348198,0.160919540229885,0.6760676873489122,0.8114035087719298,348,1241,1140,3,0.5494635787835757,0.3241953681753635
Western MH,41 + elev + climate,RandomForest,K,2729,3,0.041773543422499,0.2755588127519238,0.6826676438255771,0.6628801758886039,0.3680195155177032,0.3606712504281534,0.0175438596491228,0.1954787234042553,0.8910359634997316,114,752,1863,3,0.36801951551770323,0.05202927327655487
Western MH,41 + elev + climate,RandomForest,OC,2729,3,0.6537193111029681,0.1795529497984609,0.1667277390985709,0.7167460608281422,0.5696209459982682,0.5723585386589893,0.8806053811659192,0.2326530612244897,0.5956043956043956,1784,490,455,3,0.5696209459982682,0.35443141899740227
Konkan,41 inputs,RandomForest,N,1772,3,0.3572234762979684,0.2595936794582393,0.3831828442437923,0.5829571106094809,0.5514927916921795,0.5399692892123934,0.7851500789889415,0.2478260869565217,0.6215022091310751,633,460,679,3,0.5514927916921795,0.3272391875382692
Konkan,41 inputs,RandomForest,P,1772,3,0.2985327313769751,0.4164785553047404,0.2849887133182844,0.4243792325056433,0.4267662123613194,0.4206550783284176,0.3156899810964083,0.4200542005420054,0.5445544554455446,529,738,505,3,0.4267662123613194,0.1401493185419791
Konkan,41 inputs,RandomForest,K,1772,3,0.0857787810383747,0.1992099322799097,0.7150112866817155,0.7133182844243793,0.4609444108212402,0.4736735767805606,0.2171052631578947,0.2691218130311614,0.8966061562746646,152,353,1267,3,0.4609444108212402,0.19141661623186032
Konkan,41 inputs,RandomForest,OC,1772,3,0.0423250564334085,0.1642212189616252,0.7934537246049661,0.7872460496613995,0.3425346127462242,0.3198032807033041,0.0,0.0446735395189003,0.9829302987197724,75,291,1406,3,0.34253461274622427,0.013801919119336424
Konkan,41 + elev + climate,RandomForest,N,1772,3,0.3572234762979684,0.2595936794582393,0.3831828442437923,0.6721218961625283,0.6353339380536926,0.6223522918950012,0.8767772511848341,0.2869565217391304,0.7422680412371134,633,460,679,3,0.6353339380536926,0.453000907080539
Konkan,41 + elev + climate,RandomForest,P,1772,3,0.2985327313769751,0.4164785553047404,0.2849887133182844,0.4757336343115124,0.4736959701164762,0.4741578182497486,0.3950850661625709,0.497289972899729,0.5287128712871287,529,738,505,3,0.47369597011647624,0.21054395517471436
Konkan,41 + elev + climate,RandomForest,K,1772,3,0.0857787810383747,0.1992099322799097,0.7150112866817155,0.739841986455982,0.5125876421211261,0.5133589835386525,0.3881578947368421,0.2237960339943343,0.925808997632202,152,353,1267,3,0.5125876421211261,0.2688814631816891
Konkan,41 + elev + climate,RandomForest,OC,1772,3,0.0423250564334085,0.1642212189616252,0.7934537246049661,0.7844243792325056,0.3410146011448236,0.3180232434425236,0.0133333333333333,0.0274914089347079,0.9822190611664297,75,291,1406,3,0.3410146011448236,0.011521901717235465
